net,length_um
net33,762.76
net62,649.44
net44,634.99
net63,626.165
_00344_,613.81
_00391_,610.33
_01108_,578.56
net4,564.09
net66,559.1
net19,551.79
_00381_,548.3
net129,548.3
net59,546.93
net11,544.34
net70,540.7
net6,536.73
_00410_,536.01
net58,535.31
net96,531.34
net64,528.61
_02467_,520.78
net15,518.27
net46,515.78
net127,505.49
net95,499.4
net97,495.53
_00544_,492.78
_00725_,475.02
_00380_,473.38
_00543_,468.84
_05554_,467.72
_05494_,464.29
net47,463.06
_02703_,462.7
net28,457.63
net102,457.5
_05536_,456.94
_02482_,456.895
net22,455.71
net81,454.44
net12,448.74
net9,441.865
_06775_,441.07
_00670_,440.99
net89,439.97
_01062_,436.5
net83,435.28
net1,433.31
_00460_,432.875
net7,431.53
net24,431.38
_00519_,431.34
net36,429.1
net73,427.8
net52,427.5
net115,426.44
net14,425.28
_05483_,423.72
_03554_,422.36
_04939_,420.9
_00464_,420.02
net111,419.2
_07004_,416.43
_01182_,415.82
_05513_,412.51
_05515_,411.88
net34,410.95
net56,410.88
_01183_,409.28
_01996_,407.955
net117,404.38
_00453_,403.41
net13,400.17
_06885_,397.13
_03015_,396.725
_05447_,396.53
_00393_,396.47
_02051_,394.91
net5,394.01
net76,393.7
net112,391.45
_01415_,388.26
_03268_,386.36
_02151_,386.06
_01252_,385.56
_02039_,383.44
_07040_,381.78
_05566_,380.98
_00989_,378.315
_06937_,377.155
_05456_,376.6
_00891_,376.175
_01066_,374.545
net37,374.17
_00843_,373.975
_01828_,373.11
_02664_,372.075
_06637_,371.605
net126,369.98
_01350_,369.235
_05181_,368.54
_01958_,367.575
net29,367.16
_00844_,366.73
net48,365.93
net119,361.74
net92,361.42
_01188_,360.155
_06428_,359.97
_00526_,359.67
_01383_,359.485
net27,358.4
_00530_,357.79
_01284_,355.56
net60,355.52
net45,354.94
_02246_,354.33
net38,354.035
_02456_,353.66
net40,353.37
_05429_,353.16
_05588_,352.7
_01076_,352.65
net94,351.16
_06810_,350.82
_00376_,350.785
_02007_,350.47
_00004_,350.07
_01155_,350
_06765_,349.11
_01626_,349.085
_02138_,349.075
net8,348.92
_06417_,347.15
net116,346.3
_00508_,345.86
net20,345.22
_00157_,344.62
_00399_,343.345
_00654_,342.41
_00388_,342.26
net10,340.76
_00389_,337.82
_06483_,336.87
_02029_,334.72
_00608_,334.165
_01000_,333.95
_01309_,333.87
_05731_,333.39
_01289_,333.37
_01744_,328.935
_03680_,327.1
_02171_,326.36
_00311_,326.24
_00263_,325.63
net26,325.29
_04873_,324.92
_00628_,324.17
net118,323.92
_05464_,323.6
_01585_,323.545
_05478_,322.725
_06439_,321.61
net121,321.61
_02040_,321.32
_00159_,319.955
_00901_,319.515
net105,319.35
net90,319
_02018_,318.115
_06626_,316.96
_05704_,316.91
_02259_,315.85
_01470_,315.435
_04598_,314.99
_05445_,314.175
net108,313.88
_02008_,313.85
_00943_,312
net43,311.62
_05467_,311.435
net49,310.635
_00257_,310.385
_04378_,307.87
_04862_,307.66
_05203_,306.34
_04367_,306.29
_02280_,305.9
_03070_,304.965
net39,304.4
_05742_,303.67
_00745_,303.575
_01230_,302.12
net50,302.11
_00541_,301.73
_00300_,301.655
_00458_,299.995
net23,299.38
_02149_,298.92
_06964_,298.6
_01586_,297.54
_00650_,296.83
net61,296.27
_02982_,296.14
_05688_,296.02
_06494_,295.81
_00262_,295.76
_06733_,295.49
_01584_,295.335
_00661_,294.38
_02971_,293.78
_03510_,293.645
_00366_,293.31
_06450_,291.4
_00121_,290.82
_03543_,290.7
_02335_,290.42
net30,290.42
_01181_,289.035
_01180_,288.7
_00145_,288.68
_00322_,287.325
_00095_,287.12
_01400_,286.99
_02116_,286.13
_00742_,284.125
_00333_,284.1
_01505_,283.85
_02188_,282.95
net77,282.58
_00416_,282.07
_00310_,280.2
net110,279.9
_03499_,279.74
_05559_,279.67
_03783_,279.25
_00765_,278.56
_00859_,278.4
_00459_,278.255
_00268_,277.93
_02090_,277.68
_06966_,277.67
_00377_,277.64
_06965_,276.645
_05651_,276.57
_00003_,276.51
_00142_,276.485
_05670_,275.76
_04037_,275.39
net82,275.12
_00379_,274.71
_01664_,273.825
_01312_,273.345
_05636_,272.13
_00143_,271.305
_01061_,270.96
_04004_,270.84
_02190_,270.435
_01956_,270.255
_03059_,269.865
_04917_,269.78
_02088_,269.5
_00442_,268.01
_00390_,267.67
_00294_,266.88
_00574_,266.67
_01955_,266.49
_01306_,265.72
_03686_,265.09
_02427_,264.655
_00572_,264.06
net84,263.96
net122,263.78
_01288_,263.3
net35,262.93
_04895_,262.79
_03762_,262.47
_02120_,262.435
_00598_,262.18
_00605_,261.94
_05541_,261.65
_00094_,260.8
_00672_,260.595
_00563_,260.4
_01600_,260.3
_00607_,259.63
_00113_,259.35
_01504_,258.81
_01508_,258.22
_00114_,257.8
_01197_,257.67
_05620_,257.35
_06819_,257.26
_03532_,256.5
_00636_,255.935
_01413_,255.34
_02673_,255.3
_00112_,255.125
_02127_,254.97
_00916_,254.9
_02960_,254.58
net109,254.35
_02426_,252.48
_00355_,252.34
_02726_,251.93
_05509_,251.8
_01954_,251.73
_02766_,251.005
_01361_,250.925
_00439_,250.49
_01369_,250.265
_01060_,249.845
_02105_,249.42
_00613_,249.4
_02459_,249.24
_00392_,249.13
_02249_,248.69
_06461_,248.665
_01517_,248.5
_00158_,248.39
net42,247.9
_01249_,247.58
_06821_,247.14
_00575_,247.12
_03004_,247.01
_00457_,246.32
_00880_,245.1
_02736_,244.78
_03707_,244.69
_01295_,243.97
_00395_,243.67
_00144_,243.65
_00415_,243.11
_00497_,242.77
net101,242.74
_00784_,242.34
_03740_,242.14
net91,241.84
_00373_,241.775
_04906_,241.42
_00293_,241.29
_02720_,241.2
_02735_,240.44
net57,239.78
net21,237.73
_01780_,237.54
_06472_,237.24
_00779_,237.16
net69,237.12
_01156_,236.75
_06873_,236.41
_01405_,236.315
_02731_,236.21
_03414_,236.11
_02133_,236.065
_00915_,235.49
_00151_,235.24
_02119_,235.02
_01414_,234.895
_04600_,234.71
_03521_,234.065
net18,233.84
_02187_,233.465
_01601_,233.32
net98,233.26
_02721_,232.2
_02857_,232.005
_02117_,231.15
_02189_,231.06
_00414_,231.02
_01120_,230.955
_02993_,230.86
_01957_,230.315
net54,229.9
net51,229.52
_04928_,229.19
_04059_,228.76
_00138_,228.7
_01518_,228.06
_02758_,227.09
_02722_,227.055
_02765_,226.695
_00819_,225.92
_00734_,225.7
_01178_,224.67
_03682_,223.14
_01250_,221.135
_05027_,221.07
_04081_,220.53
net55,219.69
_00639_,219.57
_01272_,219.21
_04048_,218.48
_02855_,217.14
_03576_,217.06
net31,217.04
_03587_,216.82
_01260_,216.435
_07010_,216.125
_06744_,215.945
_05595_,215.84
_04268_,215.7
_02728_,213.4
_05192_,213.34
_01233_,211.9
_00978_,210.6
_02719_,210.115
_00352_,209.24
_00818_,208.86
_03894_,208.42
_02743_,208.03
_02730_,207.74
_01933_,206.64
_04627_,206.64
_00423_,205.795
_02742_,205.15
_05577_,204.78
_06874_,204.57
_01411_,204.535
_00475_,204.43
_05776_,204.16
_01372_,204.015
_03679_,203.815
_03683_,203.19
_01934_,202.635
_06820_,202.22
_04851_,201.14
net120,201
_02305_,199.96
_00755_,199.93
_02856_,198.995
_04714_,198.62
_02737_,198.58
_00298_,198.525
_03678_,197.23
_01472_,196.075
_03687_,195.89
_02169_,195.62
_00420_,194.86
_01179_,194.29
_00741_,194.01
_01254_,193.94
_00101_,193.88
net93,193.88
_06800_,193.71
_06818_,193.32
_02158_,192.98
_00730_,192.37
_00573_,191.77
_02727_,191.72
_02725_,191.065
_00604_,189.54
_05501_,189.4
_02306_,189.325
_03685_,189.08
_02858_,189.07
_01564_,188.205
_00959_,188.16
_02135_,187.95
net104,186.5
_00869_,186.46
_06875_,185.925
_03718_,185.66
_03938_,185.255
_01208_,185
_04169_,184.215
net17,184.2
net80,182.34
_02759_,182.22
_05807_,181.18
_03773_,180.96
_00782_,180.875
_00258_,180.66
_03748_,180.28
_01248_,180.04
_00612_,179.78
_01211_,178.68
_03750_,177.07
_01177_,175.33
_00778_,175.08
_04015_,173.72
_03785_,173.7
_05810_,173.52
_05792_,173.23
_02849_,173.01
_02168_,173
_05487_,172.38
_01339_,172.34
_01059_,172.295
_00378_,171.48
_04026_,170.66
_00002_,170.36
_05786_,168.48
_00374_,167.78
_00571_,167.685
_02247_,167.195
_03681_,167.135
_00413_,166.21
net79,165.7
_01044_,164.24
_01473_,163.74
_03696_,163.575
net53,163.56
_00327_,163.35
_01368_,163.105
_00431_,162.99
_04510_,162.94
_01960_,162.52
_01507_,162.36
_02723_,161.05
_02304_,159.49
_02724_,159.32
_06804_,158.46
_05789_,158.26
_01039_,157.79
_01412_,157.75
_01410_,156.94
_01953_,156.63
_01486_,155.88
_05773_,155
_01311_,153.14
_05784_,152
_02496_,150.98
_02582_,149.74
_03684_,149.74
_02377_,149.46
_00486_,149.08
net177,148.36
_00914_,148.055
_00703_,147.94
net125,145.68
_00783_,145.58
_03690_,144.98
_00174_,144.92
_02150_,143.48
_05779_,142.18
_00871_,141.79
net16,141.62
net149,140.86
_00076_,139.29
_05546_,138.88
_00075_,137.52
_05455_,135.62
_02134_,133.56
_05524_,133.02
net72,131.76
net103,131.515
net41,131.16
_00523_,131.11
_02235_,129.86
net86,129.48
_05451_,125.84
_00991_,125.11
_05833_,123.98
_03738_,123.06
_00175_,117.41
_01232_,117.38
_00846_,116.7
_00375_,116.31
_00100_,115.88
_01889_,114.46
_05150_,114.14
_01741_,113.86
_01352_,113.85
_05507_,113.8
_03699_,113.56
_00777_,112.55
_00342_,112.51
_03571_,112.05
_00354_,110.5
_07075_,110.47
_03527_,110.44
_02160_,110.24
_03147_,110.2
net25,109.55
_03559_,109.14
_01712_,108.78
_02293_,108.39
_03501_,108.36
_03697_,108.185
net74,107.48
_04575_,107
_03744_,106.44
_06684_,106.42
_05969_,106.185
_03540_,105.76
_00547_,105.56
_01506_,105.535
_06552_,105.48
_01867_,105.32
_01752_,105.235
_03609_,104.64
_00219_,104.48
_01463_,104.205
_06540_,103.56
_03503_,103.285
_03480_,103.09
_00666_,103.02
_00383_,102.78
_01058_,102.6
net71,102
_06938_,101.7
_05424_,101.64
_01394_,101.48
_05193_,101.08
_03566_,100.74
_00898_,100.46
_00705_,100.32
_01343_,100.3
_05136_,99.8
_05291_,99.255
_01500_,99.2
_02278_,98.63
_06967_,98.24
_03729_,97.895
_05597_,97.82
_06778_,97.24
_03449_,96.95
_02308_,96.39
_03850_,96.02
_04180_,95.82
_00367_,95.78
net32,95.78
net75,95.7
_00780_,95.3
_04014_,95.045
_05593_,94.97
_01546_,94.6
_05169_,94.38
_02502_,94.16
_00208_,94
_02498_,93.9
_02949_,93.355
_00210_,93.02
_05985_,92.32
_01032_,91.12
_00792_,90.04
net67,90
_03460_,89.7
_04142_,89.68
net85,89.26
net88,89.24
_05390_,88.63
_06018_,88.59
_06525_,87.61
_04580_,87.58
_02268_,86.94
_00635_,86.83
_01160_,86.82
_03664_,86.82
_02345_,86.78
_05563_,86.62
_05205_,86.58
_00050_,86.46
_00251_,86.02
net100,85.98
_04983_,85.12
_02156_,84.66
_05843_,84.24
_01640_,84.19
_05180_,84.1
_02241_,84.03
_05841_,84.02
net163,83.78
_05195_,83.28
_05569_,83.26
_05173_,82.96
_04287_,82.14
_02644_,81.78
net107,81.72
_01255_,81.36
_02046_,81.36
_04455_,80.9
_04013_,79.72
_05142_,79.46
_04357_,79.38
_06931_,79.29
_00841_,78.78
_01648_,78.78
_00591_,78.66
_00786_,78.5
_04475_,78.46
_03114_,78.3
_05200_,78.28
_06077_,78.26
_04386_,78.02
_04725_,77.98
_05821_,77.82
_06078_,77.79
net68,77.66
_05199_,77.54
_04103_,77.47
_04461_,77
_06929_,76.99
_06632_,76.84
_01247_,76.28
_06513_,76.22
_06877_,75.95
_01149_,75.94
_03588_,75.8
_01011_,75.46
_06009_,75.375
_05259_,75.26
_05141_,75.24
_01820_,75.22
net2,75.22
_05408_,74.94
_04503_,74.86
_02491_,74.76
_02387_,74.54
_05198_,74.16
_05842_,74.04
_05335_,73.5
_01572_,73.36
_01246_,72.66
_00557_,72.4
_06498_,72.2
net131,72.06
_04427_,71.94
_03026_,71.72
_04191_,71.63
_04525_,71.6
_00194_,71.38
_01365_,71.02
_04182_,70.545
net114,70.54
_05825_,70.47
_03598_,70.3
_01054_,70.21
_04624_,69.72
_02693_,69.56
_03569_,69.56
net3,69.48
_05751_,69.42
_04527_,68.94
_04829_,68.79
_06760_,68.72
_05304_,68.68
_05700_,68.66
_04334_,68.56
_02298_,68.46
_02299_,67.76
_05133_,67.74
_01545_,67.64
_01520_,67.16
_01056_,67.12
_05685_,67
_01385_,66.96
_01976_,66.54
_01443_,66.31
_04584_,66.3
_04345_,66.28
_05942_,66.16
_06074_,66.16
_02916_,65.84
_05020_,65.38
_02274_,65.04
_05725_,64.68
_00116_,64.62
net113,64.62
_05178_,64.58
_06617_,64.42
_06648_,64.08
_05820_,64.06
_05694_,63.98
_05826_,63.98
_04606_,63.66
_04514_,63.34
_05318_,63.04
_05167_,62.9
_06616_,62.76
_06781_,62.52
_02596_,62.48
_00756_,62.44
_05191_,62.34
_00198_,62.2
_00221_,62.18
_06697_,61.92
_02331_,61.86
_02108_,61.78
_00259_,61.63
_02424_,61.42
_06527_,61.4
_06619_,60.8
_06767_,60.76
_06654_,60.74
_00578_,60.62
_02049_,60.24
_03118_,60.06
_01435_,59.96
_04326_,59.92
_04321_,59.82
_03840_,59.52
_00265_,59.46
_01351_,59.3
_06032_,59.12
_00007_,58.82
_05441_,58.58
_06538_,58.49
_05679_,58.475
_00917_,58.32
_02391_,58.28
_05680_,58.24
_00031_,58.13
_06794_,57.92
_02231_,57.86
_03585_,57.86
_04385_,57.72
_02208_,57.375
_06656_,57.32
_04646_,57.3
_05121_,57.24
_05608_,57.14
_01740_,57.12
_00126_,57.02
_02577_,56.74
_02357_,56.69
_06610_,56.635
_00155_,56.26
_02312_,56.1
net106,55.9
_02159_,55.8
_04626_,55.795
_02148_,55.36
_06690_,55.24
_05898_,55.14
_05819_,54.88
_06505_,54.58
_05039_,54.52
_01431_,54.5
_04447_,54.41
_05592_,54.4
_01171_,54.24
_05466_,54.22
_03053_,54.06
_05952_,53.96
_04476_,53.9
_03595_,53.84
_02192_,53.76
_01908_,53.695
_06951_,53.56
_07029_,53.5
_06884_,53.44
_06653_,53.38
_02045_,53.19
_04601_,53.14
_02795_,53.02
_06075_,52.94
_02939_,52.74
_01489_,52.535
_04274_,52.48
_01256_,52.42
_02536_,52.4
_05012_,52.02
_06645_,52
_06496_,51.96
_03578_,51.71
_05346_,51.62
_01607_,51.6
_02296_,51.54
_01329_,51.44
_01046_,51.22
_02591_,51.14
_02374_,51.1
_00417_,51.08
_00987_,51.06
_05305_,51.06
_00603_,51.04
_06438_,50.96
_05708_,50.94
_00602_,50.93
_02713_,50.9
_02061_,50.74
_06759_,50.72
_00673_,50.7
_01952_,50.62
_02276_,50.36
_04464_,50.18
_02178_,49.96
_00716_,49.945
_06430_,49.8
_05461_,49.76
_03634_,49.72
_06516_,49.64
net137,49.64
_04876_,49.46
_02465_,49.28
_03234_,49.28
_04070_,49.25
_02251_,49.2
_01223_,49.1
_04387_,49.02
_01047_,49.01
_02052_,48.91
_06558_,48.7
_05765_,48.6
_02979_,48.595
_04184_,48.59
_06565_,48.58
_04396_,48.5
_06300_,48.39
_02129_,48.38
_02275_,48.24
_01310_,48.22
_01456_,48.16
_02495_,48.14
_02692_,48.12
_05941_,48.1
_04177_,48.09
_04356_,48.06
_01221_,48.02
_03048_,48.02
_00110_,47.9
_02994_,47.88
_05303_,47.84
_01420_,47.8
_01444_,47.76
_00896_,47.57
net136,47.54
_06627_,47.47
_00931_,47.42
_04707_,47.42
_02436_,47.4
_01543_,47.36
_04042_,47.36
_05426_,47.32
_06048_,47.32
_01162_,47.28
_05251_,47.18
_07039_,47.12
_03081_,47.08
_05647_,47.035
_05960_,46.82
_02113_,46.8
_05474_,46.78
_02615_,46.77
_05763_,46.7
_04403_,46.52
_05788_,46.38
_06073_,46.38
_01647_,46.36
_03013_,46.34
_00610_,46.325
_06752_,46.28
_06099_,46.19
_01608_,46.1
_04596_,46
_04252_,45.96
_05362_,45.94
_02470_,45.92
_01683_,45.88
_05040_,45.82
_05654_,45.76
_01433_,45.54
_05017_,45.54
_06994_,45.5
_03023_,45.48
_01263_,45.41
_05459_,45.34
_05549_,45.24
_03408_,45
_05368_,44.92
_05663_,44.86
_05579_,44.8
_06550_,44.8
_02492_,44.76
_04531_,44.73
_06864_,44.68
_05433_,44.56
_00463_,44.54
_05130_,44.52
_05545_,44.52
_00360_,44.44
_05009_,44.44
_05830_,44.4
_02283_,44.36
_03565_,44.26
_06824_,44.24
_05634_,44.22
_02475_,44.215
_01167_,44.2
_01792_,44.14
_05462_,44.1
_03942_,44.08
_02494_,43.96
_03625_,43.96
_04467_,43.96
_03747_,43.9
_01402_,43.76
_03496_,43.62
_02672_,43.55
_01524_,43.44
_01578_,43.42
_01237_,43.4
_04602_,43.4
_05665_,43.26
_01356_,43.2
_02085_,43
_00233_,42.98
_00950_,42.96
_02253_,42.94
_02445_,42.78
_01316_,42.72
_05548_,42.64
_05698_,42.64
_02139_,42.62
_06316_,42.61
_02493_,42.58
_02663_,42.475
_06223_,42.46
_02031_,42.34
_02699_,42.34
_05528_,42.34
_02303_,42.32
_05405_,42.32
_06511_,42.22
_00609_,42.14
_06622_,42.12
_00761_,42.1
_06728_,42.1
_01579_,42.08
_04716_,42.04
_02005_,41.92
_03211_,41.92
_01417_,41.84
_01791_,41.82
_00057_,41.8
_01007_,41.67
_00711_,41.62
_02717_,41.58
_00249_,41.325
_01436_,41.28
_06121_,41.2
_00671_,41.1
_00821_,41
_03196_,40.68
net99,40.62
_06473_,40.46
_01833_,40.4
_04536_,40.37
_00061_,40.36
_03181_,40.36
_05732_,40.34
_05292_,40.26
_00816_,40.2
net124,40.2
_01239_,40.14
_01437_,40.14
_06774_,40.12
_05722_,40.07
_06776_,39.96
_00282_,39.95
_05436_,39.94
_06854_,39.9
_00077_,39.84
_00569_,39.82
_01639_,39.82
_04769_,39.82
_04172_,39.74
_03616_,39.72
_05480_,39.7
_04701_,39.68
_01163_,39.62
_02616_,39.5
_04891_,39.41
_02707_,39.32
_06613_,39.28
_05775_,39.24
_00913_,39.2
_01382_,39.18
_00631_,39.14
_04610_,39.08
_01034_,38.98
_01510_,38.715
_01636_,38.71
_02028_,38.7
_06102_,38.68
_02381_,38.65
_03378_,38.62
_01773_,38.58
_00406_,38.28
_01261_,38.24
_00763_,38.12
_02912_,38.12
_05035_,38.02
_04704_,37.97
_01086_,37.96
_02760_,37.96
_02714_,37.92
_05357_,37.92
_00615_,37.8
_03438_,37.725
_06211_,37.7
_01302_,37.68
_01186_,37.66
_01228_,37.56
_01837_,37.48
_05253_,37.34
_03621_,37.24
_04581_,37.22
_06487_,37.1
_01419_,37.01
_01428_,36.96
_02313_,36.89
_02310_,36.84
_05956_,36.76
_05741_,36.74
_03242_,36.72
_04109_,36.6
_04251_,36.58
_02541_,36.56
_02269_,36.53
_05313_,36.52
_04307_,36.42
_06441_,36.36
_03941_,36.32
_06423_,36.3
_01717_,36.28
_00136_,36.24
_03545_,36.235
_06894_,36.1
_00847_,36.06
_06998_,36.04
_00769_,36.02
_01242_,36.02
_05258_,35.89
_03421_,35.86
_04554_,35.8
_00554_,35.78
_02272_,35.75
_04827_,35.74
_03702_,35.72
_05161_,35.72
_01283_,35.7
_01538_,35.66
_05913_,35.64
_02055_,35.46
_06635_,35.44
_05248_,35.42
_00556_,35.38
_02407_,35.32
_05760_,35.32
_06319_,35.24
_00565_,35.18
_04499_,35.16
_02193_,35.14
_05493_,35.14
_03250_,35.1
_04308_,35.1
_06243_,35.1
net182,35.06
_05439_,35.04
_02371_,34.98
_05630_,34.97
_03416_,34.86
_04608_,34.86
_01090_,34.76
_03547_,34.74
_05475_,34.74
_01023_,34.72
_05134_,34.5
_03218_,34.44
_06523_,34.44
_06680_,34.28
_03808_,34.2
_02893_,34.14
net161,34.12
_06621_,34.08
_01582_,34.02
_00421_,33.99
_00357_,33.96
_04614_,33.96
_01169_,33.92
_00589_,33.8
_02142_,33.8
_02399_,33.8
_06537_,33.8
_01631_,33.72
_03254_,33.7
_04996_,33.66
_03010_,33.62
_04654_,33.58
_02273_,33.53
_02561_,33.5
_05352_,33.47
_05747_,33.44
_04383_,33.4
_01766_,33.33
_04102_,33.29
_06252_,33.13
_03167_,33.08
_06686_,33.06
_04247_,33.03
_03430_,33.02
_03393_,32.92
_05649_,32.9
_02334_,32.88
_04061_,32.86
_04197_,32.72
_06773_,32.72
_05084_,32.715
_05086_,32.7
_00775_,32.63
_03775_,32.6
_03448_,32.54
_03550_,32.48
_03225_,32.46
_04276_,32.46
_03581_,32.44
_05768_,32.44
_06641_,32.42
_03434_,32.4
_02545_,32.38
_05380_,32.38
_01393_,32.36
_02989_,32.34
_02006_,32.32
_01612_,32.18
_03419_,32.18
_03774_,32.14
_05479_,32.12
_04309_,32.06
_00181_,32.04
_01800_,32.04
_02472_,32.04
_00894_,32.02
_05321_,32.02
_05706_,32.01
_01409_,31.98
_02409_,31.975
_04993_,31.96
_00555_,31.88
_03623_,31.88
_02473_,31.86
_04595_,31.8
_01916_,31.78
_04012_,31.76
_06308_,31.7
_00202_,31.5
_00812_,31.5
_05326_,31.5
_04864_,31.46
_04744_,31.34
_00710_,31.335
_06201_,31.28
_05867_,31.24
_04454_,31.21
_00772_,31.2
_06054_,31.2
_06935_,31.18
_04173_,31.14
_01427_,31.12
_04488_,31.06
_01793_,31.04
_03456_,31.04
_00301_,30.96
_07080_,30.94
_06263_,30.92
_06636_,30.88
_01315_,30.8
_02562_,30.8
_03992_,30.8
_00949_,30.78
_03426_,30.78
_06524_,30.76
_03929_,30.74
_03671_,30.735
_05144_,30.72
_00445_,30.7
_00239_,30.68
_03928_,30.66
_04465_,30.62
_05585_,30.46
_02923_,30.44
_03752_,30.36
_00411_,30.29
_00641_,30.28
_05712_,30.15
_04910_,30.14
_03853_,30.02
_05286_,30.02
_00721_,29.96
_03112_,29.96
_01643_,29.94
_01219_,29.92
_01818_,29.92
_01064_,29.9
_00583_,29.8
_01620_,29.78
_03305_,29.7
_00878_,29.66
_04201_,29.58
_03880_,29.56
_03997_,29.52
_00469_,29.49
_00694_,29.48
_04452_,29.4
_05438_,29.4
_00444_,29.38
_01243_,29.38
_03364_,29.38
_06614_,29.36
_02948_,29.32
_05082_,29.32
_05662_,29.32
_02382_,29.31
_03751_,29.18
_05887_,29.13
_00669_,29.1
_03990_,29.08
_02060_,29.04
_03436_,29.015
_00347_,29
_03560_,29
_00097_,28.9
_00161_,28.9
_04161_,28.9
_02144_,28.72
_02903_,28.7
_06643_,28.7
_02101_,28.66
_01621_,28.6
_05626_,28.56
_00853_,28.54
_04491_,28.54
_06199_,28.54
_03443_,28.52
_05975_,28.48
_06214_,28.48
_03754_,28.44
_06989_,28.44
_04883_,28.395
_05758_,28.38
_04858_,28.32
_02172_,28.29
_04566_,28.2
_05371_,28.2
_06687_,28.16
_05575_,28.14
_05918_,28.09
_03475_,28.08
_03756_,28.08
_01475_,28.04
_04384_,28.04
_05516_,27.93
_00244_,27.9
_06772_,27.9
_06449_,27.88
_06364_,27.8
_04961_,27.78
_01756_,27.625
_00974_,27.6
_05453_,27.58
_06091_,27.58
_00727_,27.56
_00953_,27.52
_04310_,27.52
_05293_,27.52
_02665_,27.48
_04484_,27.47
_06980_,27.46
_00483_,27.44
_03518_,27.4
_03975_,27.4
_05691_,27.4
_02439_,27.38
_03064_,27.36
_02232_,27.32
_03152_,27.3
_04076_,27.28
_03459_,27.24
_02457_,27.22
_03613_,27.17
_07045_,27.15
_03780_,27.14
_04481_,27.1
_04982_,27.1
_05705_,27.04
_06103_,27.04
_00382_,27.02
_03644_,27.02
_06612_,27.02
_01168_,26.98
_04429_,26.94
_06939_,26.93
_00067_,26.9
_03777_,26.895
_05054_,26.88
_01088_,26.86
_01399_,26.8
_01623_,26.78
_02224_,26.77
_00740_,26.74
_04796_,26.74
_01042_,26.7
_00713_,26.64
_05872_,26.64
_01868_,26.62
_06753_,26.6
_00576_,26.58
_00046_,26.56
_01629_,26.56
_02418_,26.56
_04486_,26.52
_01148_,26.44
_02480_,26.4
_06742_,26.4
_05628_,26.38
_02828_,26.36
_05840_,26.36
_06853_,26.36
_06790_,26.32
_02437_,26.24
_05804_,26.24
_05676_,26.18
_04699_,26.12
_00291_,26.1
_03800_,26.1
_05337_,26.09
_04816_,26.04
_04583_,26.02
_03205_,25.98
_01078_,25.88
_03386_,25.88
_05882_,25.86
_05423_,25.82
_02406_,25.8
_04062_,25.8
_05744_,25.74
_03349_,25.7
_02385_,25.68
_06425_,25.68
_05849_,25.66
_04975_,25.62
_00712_,25.6
_03971_,25.58
_05772_,25.58
_02255_,25.56
_02642_,25.56
_03829_,25.56
_02447_,25.54
_01835_,25.48
_02770_,25.48
_05643_,25.48
_02945_,25.44
_05677_,25.43
_01027_,25.42
_04665_,25.4
_03201_,25.36
_04051_,25.36
_03549_,25.34
_02182_,25.28
_01535_,25.26
_06202_,25.26
_05648_,25.22
_03388_,25.18
_05036_,25.15
_03544_,25.14
_05506_,25.14
_02698_,25.06
_05646_,25.04
_05080_,25.02
_05764_,25.02
_03602_,25
_05320_,25
_05556_,24.96
_00623_,24.94
_03092_,24.92
_06228_,24.92
_06309_,24.92
_04886_,24.9
_02810_,24.86
_06094_,24.86
_01355_,24.82
_05370_,24.79
_00553_,24.78
_06070_,24.76
_01755_,24.66
_04694_,24.66
_01765_,24.64
_03969_,24.64
_04272_,24.64
_05904_,24.64
_03589_,24.62
_00496_,24.6
_00872_,24.58
_05096_,24.54
_01293_,24.5
_02423_,24.5
_05354_,24.5
_03462_,24.48
_02375_,24.46
_05472_,24.45
_01760_,24.4
_06710_,24.4
_01269_,24.38
_06599_,24.37
_02487_,24.34
_03584_,24.34
_03916_,24.34
_03943_,24.34
_06033_,24.3
_03787_,24.26
_04645_,24.26
_05539_,24.26
_00081_,24.24
_05527_,24.24
_01193_,24.22
_04358_,24.22
_04402_,24.2
_05617_,24.2
_03827_,24.18
_04675_,24.14
_01280_,24.11
_03978_,24.1
_01364_,24.09
_06444_,24.08
_04617_,24.06
_04545_,24.04
net123,24.04
_05682_,24.005
_04072_,24
_06825_,23.98
_04649_,23.9
_07055_,23.88
_02170_,23.86
_00790_,23.76
_05734_,23.76
_06186_,23.76
_01317_,23.75
_06384_,23.74
_05471_,23.72
_05118_,23.7
_02627_,23.66
_06178_,23.66
_06320_,23.64
_05644_,23.62
_06651_,23.62
_04750_,23.59
_06180_,23.44
_00319_,23.42
_00479_,23.42
_06872_,23.42
_03772_,23.4
_06615_,23.4
_01630_,23.38
_05417_,23.38
_05532_,23.38
_02980_,23.36
_05798_,23.36
_00542_,23.34
_02294_,23.28
_03119_,23.28
_04231_,23.26
_05616_,23.26
_06499_,23.26
_02883_,23.24
_00806_,23.2
_01321_,23.2
_01758_,23.195
_02805_,23.19
_02483_,23.18
_01214_,23.16
_04330_,23.16
_01814_,23.14
_04091_,23.08
_04728_,23.055
_00940_,23.04
_01696_,23.04
_02716_,23.04
_06059_,23.04
_04421_,23
_02807_,22.96
_01967_,22.92
_03040_,22.92
_05846_,22.92
_00147_,22.9
_05384_,22.88
_05129_,22.87
_01185_,22.86
_04219_,22.84
_03402_,22.8
_04148_,22.8
_01638_,22.76
_06367_,22.74
_05596_,22.72
_00824_,22.7
_05567_,22.7
_01651_,22.68
_06459_,22.67
_05857_,22.62
_00172_,22.6
_03033_,22.6
_03493_,22.6
_05091_,22.54
_02588_,22.535
_03886_,22.5
a[24],22.48
_04249_,22.465
_02589_,22.46
_06460_,22.46
_02320_,22.44
_00089_,22.42
_05026_,22.42
_02558_,22.415
_03511_,22.4
_00799_,22.38
_00446_,22.36
_03865_,22.36
_06476_,22.36
_02024_,22.34
_01099_,22.32
_03395_,22.32
_06526_,22.32
_03127_,22.3
_06086_,22.275
_06122_,22.24
_06347_,22.24
_04841_,22.22
_05916_,22.22
_05730_,22.21
_01667_,22.18
_06175_,22.18
_04246_,22.16
_03212_,22.15
_01540_,22.14
_01644_,22.14
_04974_,22.14
_00078_,22.13
_03020_,22.12
_03590_,22.12
_05340_,22.12
_06923_,22.12
_03838_,22.08
_03239_,22.04
_05683_,22.04
_00320_,22.025
_01757_,21.98
_04999_,21.96
_02924_,21.95
_02072_,21.94
_06142_,21.9
_04406_,21.89
_05678_,21.88
_00616_,21.86
_03817_,21.84
_05197_,21.84
_02476_,21.82
_02520_,21.82
_00882_,21.81
_04150_,21.8
_07009_,21.8
_07069_,21.8
_03383_,21.76
_03141_,21.74
_03851_,21.74
_06509_,21.74
_05735_,21.72
_00884_,21.7
_04867_,21.7
_04223_,21.69
_05056_,21.68
_05927_,21.68
_06024_,21.68
_01035_,21.66
_05793_,21.66
_04909_,21.655
_00422_,21.65
_02044_,21.65
_04008_,21.64
_04563_,21.64
_06623_,21.64
_00640_,21.62
_01204_,21.6
_01990_,21.6
_00738_,21.54
_05573_,21.54
_04781_,21.52
_06990_,21.52
_06329_,21.49
_02453_,21.48
_05604_,21.48
_00923_,21.47
_05530_,21.46
_06251_,21.46
_04957_,21.45
_01485_,21.435
_02624_,21.43
_00365_,21.42
_00611_,21.42
_01036_,21.42
_04637_,21.42
_04884_,21.42
_04898_,21.42
_07072_,21.42
_02895_,21.4
_04411_,21.4
_04998_,21.34
_06502_,21.32
_04778_,21.29
_05128_,21.29
_02075_,21.28
_00690_,21.24
_00899_,21.22
_02842_,21.22
_03849_,21.2
_04025_,21.2
_04346_,21.2
_01422_,21.18
_04296_,21.18
_01904_,21.14
_01923_,21.12
_02328_,21.12
_04355_,21.12
_04063_,21.1
_06169_,21.1
_02709_,21.08
_05490_,21.08
_06296_,21.035
_06177_,21.03
_06247_,21.03
_03398_,21.02
_04918_,21
net176,21
_06120_,20.99
_01030_,20.96
_03630_,20.92
_04041_,20.92
_05413_,20.92
_03626_,20.9
_01841_,20.86
_00877_,20.84
_03328_,20.84
_04021_,20.84
_05829_,20.84
_04719_,20.82
_05224_,20.82
_05602_,20.82
_06392_,20.82
_01605_,20.8
_06013_,20.8
_00403_,20.78
_01360_,20.78
_01663_,20.78
_03831_,20.78
_04579_,20.78
_05917_,20.78
_00231_,20.74
_04630_,20.74
_03708_,20.72
_04532_,20.7
_00684_,20.68
_04573_,20.64
_05609_,20.64
_06999_,20.64
_01672_,20.63
_03148_,20.63
_02121_,20.62
_06332_,20.6
_05002_,20.58
_00264_,20.54
_00906_,20.54
_03536_,20.54
_02222_,20.52
_05808_,20.52
_07064_,20.5
_04031_,20.48
_04659_,20.48
_04453_,20.46
_01575_,20.42
_01771_,20.4
_03844_,20.4
_03944_,20.36
_05615_,20.355
_06016_,20.3
_05652_,20.26
_03878_,20.24
_06533_,20.24
_04504_,20.2
_05114_,20.2
_02102_,20.16
_03063_,20.16
_06338_,20.16
_04834_,20.14
_00942_,20.1
_06491_,20.1
_05658_,20.08
_03470_,20.06
_03617_,20.04
_00492_,20
_00683_,20
_06447_,19.99
_03224_,19.98
_03769_,19.96
_04229_,19.94
_05495_,19.94
_06097_,19.94
_04141_,19.92
_06726_,19.92
_03736_,19.915
_00295_,19.88
_06957_,19.88
_00579_,19.86
_04354_,19.84
_03580_,19.82
_04585_,19.82
_03823_,19.8
_07048_,19.795
_00000_,19.78
_05356_,19.78
_04773_,19.74
_05264_,19.68
_04149_,19.66
_04622_,19.66
_04668_,19.66
_06949_,19.65
_04077_,19.64
_03551_,19.635
_00842_,19.61
_00153_,19.6
_03406_,19.6
_00789_,19.58
_00881_,19.58
_03308_,19.58
_01709_,19.54
_03289_,19.54
_03816_,19.5
_03776_,19.46
_03879_,19.42
net187,19.42
_01038_,19.4
_05387_,19.4
_05600_,19.4
_03257_,19.38
_04003_,19.38
_01847_,19.36
_03834_,19.36
_04193_,19.36
_04718_,19.36
_06244_,19.36
_02631_,19.34
_00280_,19.32
_04292_,19.32
_01276_,19.3
_03189_,19.3
_00656_,19.29
_04535_,19.28
_03423_,19.2
_06492_,19.2
_05059_,19.18
_02301_,19.16
_05392_,19.14
_05983_,19.14
_00588_,19.12
_02792_,19.12
_04522_,19.12
_07060_,19.12
_05500_,19.09
_00164_,19.08
_04190_,19.08
_05737_,19.08
_05033_,19.075
_01825_,19.07
_02034_,19.06
_02338_,19.04
_03514_,19.04
_03548_,19.04
_06766_,19.04
_07001_,19.04
_04151_,19.035
_05037_,19.02
_01676_,19
_01808_,19
_05077_,19
_06607_,18.995
_01478_,18.98
_03523_,18.96
_03981_,18.94
_06905_,18.94
_03467_,18.93
_00701_,18.92
_04642_,18.92
_06366_,18.91
_00384_,18.9
_03339_,18.9
_01112_,18.88
_02804_,18.88
_01858_,18.86
_01259_,18.84
_03660_,18.84
_02417_,18.82
_06693_,18.82
_01671_,18.8
_01735_,18.78
_03169_,18.78
_05565_,18.78
_06529_,18.78
_07020_,18.78
_01806_,18.76
_04001_,18.74
_07077_,18.72
_01207_,18.7
_03111_,18.7
_03693_,18.7
_03338_,18.68
_04212_,18.68
_04350_,18.68
_05861_,18.68
_00108_,18.66
_04947_,18.66
_01883_,18.64
_04392_,18.6
_04968_,18.6
_05562_,18.59
_00111_,18.58
_04809_,18.58
_06235_,18.58
_06268_,18.58
_05185_,18.56
_06433_,18.56
_03622_,18.54
_05366_,18.54
_01846_,18.52
_02485_,18.5
_03441_,18.5
_05145_,18.46
_04603_,18.44
_05757_,18.44
_02839_,18.43
_01452_,18.42
_06926_,18.42
_04257_,18.4
_05709_,18.4
_06221_,18.4
_01665_,18.38
_02501_,18.38
_05858_,18.38
_04902_,18.36
_06604_,18.36
_00242_,18.34
_01371_,18.32
_01949_,18.32
_04736_,18.32
_00564_,18.3
_03505_,18.3
_04967_,18.3
_05482_,18.3
_03319_,18.28
_04137_,18.28
_04561_,18.28
_05325_,18.28
_06442_,18.28
_06642_,18.28
_06961_,18.28
_02484_,18.26
_03477_,18.26
_05767_,18.26
_00478_,18.24
_02466_,18.24
_02754_,18.24
_05696_,18.24
_06206_,18.24
_03488_,18.23
_04831_,18.22
prod[44],18.22
_03731_,18.2
_04828_,18.2
_00386_,18.18
_01105_,18.18
_04312_,18.175
_01918_,18.16
_02978_,18.16
_05868_,18.16
_00203_,18.14
_03631_,18.14
_05225_,18.14
_02460_,18.125
_04152_,18.1
_00866_,18.08
_04295_,18.08
_05605_,18.08
_00318_,18.06
_02652_,18.06
_05954_,18.06
_03819_,18.02
_03919_,18.02
_01831_,18
_02001_,18
_06307_,18
_06431_,18
_02352_,17.99
_01192_,17.98
_06847_,17.98
_00655_,17.96
_06327_,17.96
_01692_,17.94
_03086_,17.94
_05669_,17.94
_05750_,17.94
_01390_,17.92
_01827_,17.9
_05525_,17.9
_06240_,17.9
_06277_,17.9
_02853_,17.88
_00335_,17.86
_02180_,17.86
_03706_,17.86
_05226_,17.86
_05412_,17.86
_06535_,17.86
_00680_,17.84
_04783_,17.84
_04950_,17.84
_06355_,17.84
_02734_,17.78
_04477_,17.78
_06985_,17.78
_01556_,17.75
_04589_,17.74
_06577_,17.74
_05753_,17.73
_01318_,17.72
_01886_,17.72
_05718_,17.72
_06596_,17.72
_02540_,17.71
_00340_,17.7
_03433_,17.7
_03915_,17.7
_04546_,17.7
_05724_,17.69
_03859_,17.68
_06361_,17.68
_03608_,17.675
_00870_,17.66
_03136_,17.66
prod[42],17.66
_00299_,17.64
_04830_,17.64
_02185_,17.62
_02202_,17.62
_04382_,17.62
_04588_,17.62
_05614_,17.62
_05612_,17.6
_00324_,17.58
_01729_,17.58
_05551_,17.58
_00667_,17.56
_04186_,17.56
_06188_,17.54
_00336_,17.515
_07076_,17.5
_01995_,17.48
_03824_,17.48
_04275_,17.48
_06771_,17.46
_00466_,17.44
_02265_,17.44
_03142_,17.44
_03733_,17.44
_05083_,17.44
_06809_,17.44
_06956_,17.44
_04979_,17.43
_01018_,17.42
_01354_,17.42
_01700_,17.42
_05968_,17.42
_03244_,17.415
_05689_,17.41
_04681_,17.4
_05739_,17.4
_06138_,17.4
_04122_,17.38
_00709_,17.36
_02389_,17.36
_03199_,17.36
_06587_,17.36
_03868_,17.34
_02266_,17.32
_02573_,17.32
_03008_,17.32
_04790_,17.32
_02821_,17.3
_02854_,17.3
_04913_,17.3
_06646_,17.3
_03025_,17.28
_04171_,17.28
_04283_,17.28
_05889_,17.28
_06889_,17.28
_03237_,17.26
_04875_,17.26
_00522_,17.24
_04572_,17.24
_04971_,17.24
_02964_,17.22
_03316_,17.22
_04163_,17.22
_04374_,17.22
_00707_,17.2
_02214_,17.2
_06242_,17.18
_04156_,17.16
_00021_,17.14
_03369_,17.14
_04337_,17.1
_04965_,17.1
_01072_,17.06
_01370_,17.06
_03309_,17.06
_05211_,17.06
_05399_,17.06
_06927_,17.06
_02611_,17.04
_04232_,17.02
_04785_,17.02
_01832_,17
_03001_,16.98
_03487_,16.98
_06129_,16.98
_04832_,16.96
_05572_,16.96
_04293_,16.94
_06916_,16.94
_06195_,16.92
_06025_,16.91
_01708_,16.9
_03779_,16.9
_05653_,16.9
_06644_,16.9
_03695_,16.89
_03016_,16.875
_03508_,16.875
_02796_,16.86
_03342_,16.86
_00254_,16.84
_03404_,16.84
_03781_,16.84
_06411_,16.84
_01705_,16.82
_04119_,16.82
_04698_,16.82
_05814_,16.82
_06234_,16.82
_06521_,16.82
_04055_,16.81
_04558_,16.8
_05631_,16.8
_06253_,16.8
_06995_,16.79
_01495_,16.78
_03638_,16.78
_03692_,16.78
_06037_,16.78
_06382_,16.78
_06406_,16.78
_00984_,16.76
_02486_,16.76
_06126_,16.76
_00079_,16.74
_00653_,16.74
_00983_,16.74
_06034_,16.74
_06334_,16.74
_05437_,16.72
_06856_,16.72
_01661_,16.7
_02400_,16.685
_04900_,16.68
_03721_,16.65
_00304_,16.64
_00719_,16.64
_01153_,16.64
_05544_,16.64
_03662_,16.63
_00132_,16.62
_02153_,16.62
_05415_,16.62
_06337_,16.62
_04987_,16.6
_02342_,16.58
_02990_,16.58
_03927_,16.58
_04813_,16.58
_06039_,16.58
_02578_,16.57
_03888_,16.56
_05976_,16.56
_06008_,16.56
_00196_,16.54
_04766_,16.54
_07082_,16.54
_03790_,16.52
_05230_,16.52
_06259_,16.52
_06286_,16.52
_03877_,16.5
_04490_,16.5
_01067_,16.48
_01610_,16.48
_02653_,16.48
_03396_,16.48
_05590_,16.48
_00127_,16.46
_05386_,16.46
_05851_,16.46
_00150_,16.44
_06053_,16.44
_02128_,16.42
_00757_,16.4
_01053_,16.4
_01267_,16.38
_01576_,16.38
_03830_,16.38
_01378_,16.32
_06340_,16.32
_07073_,16.32
_02003_,16.3
_03575_,16.3
_04262_,16.3
_06909_,16.3
_03101_,16.295
_04329_,16.295
_02579_,16.29
_02662_,16.28
_04471_,16.28
_00531_,16.26
_03410_,16.26
_05232_,16.26
_06394_,16.26
_03471_,16.24
net138,16.24
_00832_,16.22
_02270_,16.22
_03904_,16.22
_06663_,16.22
_05430_,16.2
_05448_,16.19
_01048_,16.18
_02581_,16.18
_05637_,16.18
_02910_,16.16
_05586_,16.16
_00206_,16.14
_03276_,16.14
_03898_,16.14
_01682_,16.12
_04260_,16.12
_05268_,16.12
_02669_,16.1
_02773_,16.1
_03377_,16.1
_03065_,16.08
_04422_,16.07
_02983_,16.06
_05174_,16.06
_05275_,16.06
_06194_,16.06
_07003_,16.06
_03951_,16.04
_04539_,16.04
_06076_,16.04
_04166_,16.035
_00893_,16.02
_01458_,16.02
_02344_,16.02
_06109_,16.02
_01005_,16
_01863_,16
_03172_,16
_02634_,15.98
_06583_,15.96
_02715_,15.95
_05632_,15.95
_06971_,15.95
_01912_,15.94
_05208_,15.94
_05542_,15.94
_03050_,15.92
_04798_,15.92
_00928_,15.9
_04380_,15.9
_04407_,15.9
_04908_,15.9
_03461_,15.88
_03962_,15.88
_03164_,15.86
_03994_,15.86
_02753_,15.84
_05297_,15.84
_00427_,15.82
_01357_,15.82
_06506_,15.82
_06911_,15.82
_01557_,15.8
_03495_,15.8
_05347_,15.8
_06749_,15.8
_04632_,15.785
_02388_,15.78
_04500_,15.78
_00804_,15.76
_06365_,15.76
_00425_,15.74
_00434_,15.74
_06157_,15.74
_06849_,15.73
_00148_,15.72
_03346_,15.72
_03610_,15.72
_04243_,15.72
_05578_,15.72
_06822_,15.72
_05222_,15.7
_06556_,15.7
prod[60],15.7
prod[61],15.7
_00910_,15.68
_01299_,15.68
_03282_,15.68
_03541_,15.68
_03952_,15.68
_05000_,15.68
_04159_,15.66
_05835_,15.66
net186,15.66
_00273_,15.64
_01345_,15.64
_02462_,15.64
_05881_,15.64
_06156_,15.64
_03716_,15.62
_05153_,15.62
_06661_,15.62
_01174_,15.6
_03810_,15.6
_04210_,15.6
_05476_,15.6
_02932_,15.595
_01559_,15.58
_01465_,15.56
_01948_,15.56
_01788_,15.54
_05951_,15.54
_01115_,15.53
_01724_,15.52
_02233_,15.52
_04523_,15.52
_04892_,15.52
_03454_,15.5
_04671_,15.5
_00030_,15.48
_00663_,15.48
_01209_,15.48
_05367_,15.48
_06844_,15.48
_04124_,15.44
_07041_,15.42
_06628_,15.4
_00020_,15.38
_06380_,15.38
_06456_,15.38
_06571_,15.38
_02256_,15.36
_02684_,15.36
_05216_,15.36
_06602_,15.36
_05088_,15.355
_06454_,15.35
_03191_,15.34
_04915_,15.34
_05307_,15.34
_06401_,15.34
_06716_,15.34
net175,15.34
_00398_,15.32
_02038_,15.32
_04878_,15.32
net135,15.32
_02042_,15.305
_05777_,15.3
_06700_,15.3
_03186_,15.28
_07071_,15.28
_02414_,15.27
_06908_,15.26
_02177_,15.255
_04473_,15.24
_05815_,15.24
_06098_,15.24
_03976_,15.22
_04988_,15.22
_05024_,15.22
_05831_,15.22
_05984_,15.22
_06254_,15.22
_05907_,15.2
_06011_,15.2
_01853_,15.18
_03018_,15.18
_04524_,15.18
_05273_,15.18
net184,15.175
_00040_,15.16
_00520_,15.16
_01726_,15.16
_03260_,15.16
_03676_,15.16
_05674_,15.16
_05795_,15.14
_06471_,15.14
_01551_,15.13
_01836_,15.12
_06140_,15.12
_01476_,15.1
_02488_,15.1
_05911_,15.1
_01649_,15.08
_05282_,15.08
_03954_,15.06
_02349_,15.02
_03486_,15.02
_05212_,15.02
_05822_,15.02
_06457_,15.02
_02230_,15
_02671_,15
_01159_,14.98
_02537_,14.98
_06833_,14.98
_05148_,14.96
_02838_,14.94
_03789_,14.94
_06397_,14.94
_04492_,14.92
_05504_,14.92
_01081_,14.9
_02152_,14.9
_00566_,14.88
_03231_,14.88
_05923_,14.88
_06262_,14.88
_06353_,14.88
_02522_,14.86
_03987_,14.86
_05484_,14.84
_05671_,14.84
_06975_,14.84
_00309_,14.82
_01187_,14.82
_05351_,14.82
_03156_,14.8
_03500_,14.8
_05301_,14.8
_06888_,14.8
_01754_,14.78
_06280_,14.78
_00876_,14.76
_02020_,14.76
_03856_,14.76
_05183_,14.76
_01615_,14.745
_03062_,14.74
_03298_,14.74
_05623_,14.74
_05771_,14.74
_06578_,14.74
_06611_,14.74
_01227_,14.72
_04534_,14.72
_05113_,14.72
_05363_,14.72
_05013_,14.7
_05505_,14.7
_05875_,14.7
_04139_,14.68
_04216_,14.68
_04687_,14.66
_06230_,14.66
_00134_,14.64
_00283_,14.64
_01170_,14.64
_01327_,14.64
_04349_,14.64
_04574_,14.64
_05034_,14.64
_05641_,14.64
_07036_,14.64
_01342_,14.62
_04359_,14.62
_04938_,14.62
_00685_,14.6
_02215_,14.6
_02814_,14.6
_00637_,14.58
_05218_,14.58
_05523_,14.58
_05894_,14.58
_00069_,14.56
_05176_,14.56
_05184_,14.56
_04724_,14.55
_03351_,14.54
_05022_,14.54
_01804_,14.52
_02071_,14.52
_05687_,14.52
_05717_,14.52
_04819_,14.515
_02513_,14.5
_02710_,14.5
_02892_,14.5
_04616_,14.48
_00387_,14.47
_01964_,14.46
_03428_,14.46
_03940_,14.46
_00086_,14.44
_00188_,14.44
_00905_,14.44
_02528_,14.44
_03108_,14.44
_04282_,14.44
_04513_,14.44
_05422_,14.44
_06238_,14.44
_02074_,14.42
_02315_,14.42
_05076_,14.42
_05102_,14.42
_05139_,14.42
_06147_,14.42
_02355_,14.4
_02677_,14.4
_02835_,14.4
_03261_,14.4
_03345_,14.4
_03038_,14.38
_05864_,14.36
_05870_,14.36
_04767_,14.355
_00976_,14.34
_02517_,14.34
_05108_,14.34
_06085_,14.34
_06920_,14.34
_01536_,14.32
_05667_,14.32
_06712_,14.32
prod[62],14.32
_00957_,14.3
_02392_,14.3
_01915_,14.29
_01855_,14.28
_00062_,14.26
_00634_,14.26
_03673_,14.26
_05383_,14.26
_06673_,14.26
_04919_,14.24
_04935_,14.24
_00452_,14.22
_03302_,14.22
_00045_,14.2
_06191_,14.2
a[5],14.2
_02318_,14.18
_05421_,14.18
_00938_,14.16
_01275_,14.16
_01440_,14.16
_05659_,14.16
_06582_,14.16
_03215_,14.14
_03490_,14.14
_04234_,14.14
_04656_,14.14
_05064_,14.14
_07021_,14.14
_04661_,14.12
_00720_,14.1
_02991_,14.1
_03481_,14.1
_06071_,14.1
_07047_,14.1
_04351_,14.08
_01628_,14.06
_06722_,14.04
_04319_,14.02
_06255_,14.02
_06573_,14.02
_06892_,14.02
_05219_,14
_00356_,13.98
_01359_,13.98
_01501_,13.98
_02035_,13.98
_02552_,13.98
prod[17],13.98
prod[26],13.98
prod[45],13.98
prod[46],13.98
prod[4],13.98
prod[50],13.98
prod[52],13.98
_00170_,13.96
_00178_,13.96
_03009_,13.96
_01862_,13.94
_04244_,13.94
_04941_,13.94
_05378_,13.94
_05570_,13.94
_05959_,13.94
_06333_,13.94
_06897_,13.94
_01262_,13.92
_03803_,13.92
_05089_,13.92
_01305_,13.9
_03637_,13.9
_00971_,13.88
_02363_,13.88
_03157_,13.88
_04194_,13.88
_06418_,13.88
_06725_,13.88
_06879_,13.88
_04028_,13.86
_04537_,13.86
a[13],13.86
a[27],13.86
a[4],13.86
b[12],13.86
b[23],13.86
_01301_,13.84
_01698_,13.84
_02289_,13.84
_04303_,13.84
_04552_,13.84
_06541_,13.84
_00807_,13.82
_01212_,13.82
_01686_,13.8
_03801_,13.8
_00260_,13.78
_03161_,13.78
_03956_,13.78
_04548_,13.78
_06679_,13.78
_00704_,13.76
_01089_,13.76
_02099_,13.76
_03138_,13.76
_04279_,13.76
_05897_,13.76
_01681_,13.74
_05921_,13.74
a[15],13.74
a[18],13.74
a[19],13.74
a[1],13.74
a[30],13.74
b[21],13.74
b[22],13.74
b[3],13.74
_00946_,13.72
_03093_,13.72
_05538_,13.72
_01438_,13.685
_04550_,13.68
_06055_,13.68
_06335_,13.675
_03365_,13.66
_03813_,13.66
_04206_,13.66
_00803_,13.64
_01154_,13.64
_01375_,13.64
_04921_,13.64
_05068_,13.64
_05457_,13.64
_05743_,13.64
_01194_,13.63
_02166_,13.62
_00163_,13.6
_00412_,13.6
_01074_,13.6
_01799_,13.6
_06657_,13.6
_00325_,13.58
_01521_,13.58
_02311_,13.58
_03029_,13.58
_04730_,13.56
_05738_,13.56
_01541_,13.55
_00068_,13.54
_01573_,13.54
_05239_,13.54
_05262_,13.54
_01737_,13.52
_02741_,13.52
_04064_,13.52
prod[10],13.52
_02798_,13.5
_04353_,13.5
_00306_,13.48
_04559_,13.48
_05097_,13.48
_05797_,13.48
_01869_,13.46
_02890_,13.46
_06229_,13.46
_06755_,13.46
_02112_,13.44
_03615_,13.44
_04242_,13.44
_06732_,13.43
_00449_,13.42
_01085_,13.42
_02073_,13.42
_03968_,13.42
_04389_,13.42
_04502_,13.42
_06170_,13.42
_01539_,13.4
_04269_,13.4
b[7],13.4
b[8],13.4
prod[14],13.4
a[0],13.39
_00750_,13.38
_02598_,13.38
_03484_,13.38
_03847_,13.38
_04697_,13.38
_05584_,13.38
_06532_,13.38
_06620_,13.38
_03778_,13.375
_05431_,13.36
_05748_,13.36
_05883_,13.36
_00702_,13.34
_01319_,13.34
_01434_,13.34
_05242_,13.34
_05574_,13.34
_06322_,13.34
_05104_,13.32
_04154_,13.31
_01980_,13.3
_02861_,13.3
_05029_,13.3
_05519_,13.3
_06898_,13.3
_05031_,13.28
_06701_,13.28
_02454_,13.26
_05245_,13.26
_06028_,13.26
_06416_,13.26
_06756_,13.26
_02608_,13.25
_00364_,13.24
_00408_,13.24
_03116_,13.24
_03907_,13.24
_00362_,13.22
_00505_,13.22
_02114_,13.22
_02339_,13.22
_02659_,13.22
_04023_,13.22
_04164_,13.22
_02959_,13.2
_02975_,13.2
_00120_,13.18
_05249_,13.18
_03749_,13.16
_04612_,13.16
_06991_,13.16
_02221_,13.15
_01652_,13.12
_05353_,13.12
_05848_,13.12
_06301_,13.12
_01097_,13.1
_01777_,13.1
_01921_,13.1
_02068_,13.1
_04038_,13.1
_04235_,13.1
_00430_,13.095
_04121_,13.08
_05331_,13.08
_05341_,13.08
_06272_,13.08
_02067_,13.06
_01963_,13.045
_01725_,13.04
_05132_,13.04
prod[15],13.03
_01595_,13.02
_01810_,13.02
_01554_,13
_03792_,13
_03986_,13
_04258_,13
_05243_,13
_04807_,12.995
_00451_,12.98
_00629_,12.98
_00657_,12.98
_02081_,12.98
_04977_,12.98
_01854_,12.96
_01932_,12.96
_03125_,12.96
_05794_,12.96
_06036_,12.96
_00201_,12.94
_01790_,12.94
_02593_,12.94
_04989_,12.94
_06677_,12.94
_00038_,12.92
_00776_,12.92
_02401_,12.92
_03592_,12.92
_03832_,12.92
_04469_,12.92
_05152_,12.92
_02689_,12.9
_02973_,12.9
_04306_,12.9
_04571_,12.9
_04903_,12.9
_06031_,12.9
_00814_,12.88
_02341_,12.88
_02657_,12.88
_02917_,12.88
_04397_,12.88
_04613_,12.88
_04962_,12.88
_05901_,12.88
_00166_,12.86
_01095_,12.86
_02089_,12.86
_04322_,12.86
_04132_,12.85
_00082_,12.84
_00963_,12.84
_04924_,12.84
_05999_,12.84
_01098_,12.82
_06665_,12.82
_06004_,12.8
_06161_,12.8
_06359_,12.8
_06586_,12.8
_06846_,12.8
_00925_,12.78
_03498_,12.76
_05047_,12.76
_06153_,12.76
_07008_,12.76
_00223_,12.74
_03427_,12.74
_06743_,12.74
_02291_,12.72
_02450_,12.72
_00823_,12.7
_01632_,12.7
_01844_,12.7
_01432_,12.68
_01713_,12.68
_02574_,12.68
_04604_,12.68
_05093_,12.68
_06061_,12.68
_02847_,12.66
_04587_,12.66
_01919_,12.655
_00897_,12.62
_01959_,12.62
_05333_,12.62
_06084_,12.62
_06981_,12.62
_00744_,12.6
_01592_,12.6
_02397_,12.6
_02920_,12.6
_04448_,12.6
_05206_,12.6
_06591_,12.6
_04365_,12.58
prod[63],12.58
_00009_,12.56
_00083_,12.56
_00119_,12.56
_01202_,12.56
_04006_,12.56
_05955_,12.56
_06750_,12.56
_06944_,12.55
_00954_,12.54
_01657_,12.54
_01809_,12.54
_01898_,12.54
_02772_,12.54
_05279_,12.54
_00524_,12.52
_02968_,12.52
_03354_,12.52
_03570_,12.52
_06246_,12.52
_06478_,12.51
_00796_,12.5
_01234_,12.5
_01294_,12.5
_05930_,12.5
_03837_,12.495
_00839_,12.48
_01571_,12.46
_02082_,12.46
_03864_,12.46
_06997_,12.46
_06455_,12.44
_06514_,12.44
_06993_,12.44
_00586_,12.42
_03082_,12.42
_03134_,12.42
_04889_,12.42
_05443_,12.42
_07044_,12.42
_01738_,12.4
_00512_,12.38
_00802_,12.38
_01590_,12.38
_02174_,12.38
_02803_,12.38
_03367_,12.38
_05312_,12.38
_01544_,12.36
_01983_,12.36
_05285_,12.36
_07037_,12.36
_00558_,12.34
_00699_,12.34
_06135_,12.34
_03221_,12.32
_00240_,12.3
_00990_,12.3
_01730_,12.3
_01749_,12.3
_01910_,12.3
_02239_,12.295
_04756_,12.28
_05411_,12.28
_06953_,12.27
_00006_,12.26
_01441_,12.26
_02455_,12.26
net140,12.26
_02411_,12.255
_00456_,12.24
_06092_,12.24
_02779_,12.22
_03791_,12.22
_04067_,12.22
_06318_,12.22
_01563_,12.2
_05522_,12.2
_01899_,12.18
_02774_,12.18
_03391_,12.18
_03917_,12.18
_04236_,12.18
_06489_,12.18
_01624_,12.16
_01680_,12.16
_02262_,12.16
_04104_,12.16
_05053_,12.16
_05613_,12.16
_06292_,12.16
_00596_,12.14
_00652_,12.14
_01279_,12.14
_01303_,12.14
_03149_,12.14
_05946_,12.14
_06144_,12.14
_00436_,12.12
_01102_,12.12
_01803_,12.12
_04160_,12.12
_04214_,12.12
_05463_,12.12
_05992_,12.12
_03248_,12.11
_01014_,12.105
_00647_,12.1
_01448_,12.1
_05961_,12.1
_06553_,12.1
_01892_,12.095
_04317_,12.08
_04340_,12.08
_04399_,12.08
net173,12.08
_00856_,12.07
_04885_,12.06
_05902_,12.06
_05994_,12.06
a[20],12.06
_05964_,12.045
_02123_,12.04
_02197_,12.04
_02768_,12.04
_00250_,12.02
_02738_,12.02
_05434_,12.02
_01040_,12.01
_00618_,12
_03698_,12
_04294_,12
_04431_,12
_05079_,12
_01617_,11.98
_04821_,11.98
_02965_,11.96
_03168_,11.96
_03727_,11.96
_04865_,11.96
_05962_,11.96
_06757_,11.96
_04131_,11.94
_05220_,11.94
_06130_,11.93
_00402_,11.92
_00998_,11.92
_01689_,11.92
_04114_,11.9
_04868_,11.9
_05514_,11.9
_04847_,11.89
_06342_,11.89
_00255_,11.88
_00323_,11.88
_01716_,11.88
_01784_,11.88
_02361_,11.88
_03530_,11.88
_04515_,11.88
_04684_,11.88
_04732_,11.88
_05261_,11.88
_05967_,11.88
_06429_,11.88
net132,11.88
_01781_,11.86
_02564_,11.85
_06042_,11.85
_00964_,11.84
_01526_,11.84
_04413_,11.84
_06149_,11.84
_07061_,11.84
_04638_,11.82
_05850_,11.82
_06675_,11.82
_04820_,11.815
_02369_,11.805
_00751_,11.8
_02878_,11.8
_03445_,11.8
_04134_,11.8
_04990_,11.8
_06370_,11.8
_00066_,11.78
_01786_,11.78
_04777_,11.78
_02683_,11.77
_00213_,11.76
_01334_,11.76
_02195_,11.76
_03597_,11.76
_03814_,11.76
_04398_,11.76
_05269_,11.76
_06852_,11.76
_00226_,11.74
_00513_,11.74
_00766_,11.74
_01851_,11.74
_01945_,11.74
_03124_,11.74
_03556_,11.74
_04621_,11.74
_04838_,11.74
_05055_,11.74
_06226_,11.74
_06391_,11.74
_06925_,11.74
_02829_,11.72
_02950_,11.72
_04369_,11.72
_06730_,11.72
_03301_,11.71
_00549_,11.7
_01363_,11.7
_07016_,11.7
_01950_,11.69
_06010_,11.69
_00180_,11.68
_01131_,11.68
_01165_,11.68
_02167_,11.68
_02614_,11.68
_02938_,11.68
_02955_,11.68
_03115_,11.68
_05866_,11.68
_06973_,11.68
_01558_,11.67
_01152_,11.66
_03085_,11.66
_04046_,11.66
_05635_,11.66
_05710_,11.66
_06081_,11.66
_06163_,11.66
net185,11.66
_00484_,11.64
_01583_,11.64
_02635_,11.64
_04458_,11.64
_05375_,11.64
_05914_,11.64
_06624_,11.64
_01103_,11.62
_01734_,11.62
_04241_,11.62
_04305_,11.62
net192,11.62
_00013_,11.6
_00718_,11.6
_00997_,11.6
_01093_,11.6
_03145_,11.6
_05997_,11.6
_06741_,11.6
_02103_,11.58
_03335_,11.58
_03394_,11.58
_03931_,11.58
_04017_,11.58
_04362_,11.58
_04768_,11.58
_06581_,11.58
_06001_,11.57
_00049_,11.56
_02908_,11.56
_06501_,11.56
_02062_,11.54
_03307_,11.54
_04401_,11.54
_04765_,11.54
_05014_,11.54
_05812_,11.54
_03440_,11.52
_06225_,11.52
_06305_,11.52
_03272_,11.5
_05801_,11.5
_06762_,11.5
_06948_,11.5
_01985_,11.48
_02818_,11.48
_06310_,11.48
_06493_,11.48
_00184_,11.46
_02509_,11.46
_03604_,11.46
_04126_,11.46
_04302_,11.46
_04677_,11.46
_05594_,11.46
_06970_,11.46
_02570_,11.44
a[7],11.44
b[19],11.44
_01403_,11.42
_02086_,11.42
_02887_,11.42
_03277_,11.42
_03453_,11.42
_05236_,11.42
_06862_,11.42
_05970_,11.4
_01122_,11.38
_03176_,11.38
_04379_,11.38
_05703_,11.38
_02022_,11.36
_06128_,11.36
_00014_,11.34
_01117_,11.34
_01498_,11.34
_01842_,11.34
_05272_,11.34
_06404_,11.34
_06469_,11.34
_06562_,11.34
_04551_,11.33
_01300_,11.32
_04125_,11.32
_01924_,11.3
_02263_,11.3
_02534_,11.3
_03140_,11.3
_04703_,11.3
_05668_,11.3
_00562_,11.28
_04737_,11.28
_05871_,11.28
_05854_,11.26
_06895_,11.26
_00183_,11.25
_00902_,11.25
_04925_,11.25
_06005_,11.25
_00307_,11.24
_03045_,11.24
_04565_,11.24
_04936_,11.24
_05699_,11.24
_06293_,11.24
_02947_,11.22
_03802_,11.22
_00064_,11.2
_01328_,11.2
_03071_,11.2
_03897_,11.2
_04299_,11.2
_05101_,11.2
_06232_,11.2
_01113_,11.18
_01972_,11.18
_02508_,11.18
_03279_,11.18
_03531_,11.175
_04772_,11.175
_02649_,11.17
_00253_,11.16
_00470_,11.16
_02394_,11.16
_02442_,11.16
_02643_,11.16
_03964_,11.16
_05085_,11.16
_06160_,11.16
_04158_,11.14
_04530_,11.14
_01720_,11.12
_01824_,11.12
_02098_,11.12
_03068_,11.12
_03192_,11.12
_03252_,11.12
_03643_,11.12
_06167_,11.12
_06448_,11.12
_03283_,11.1
_04419_,11.1
_05465_,11.1
_06482_,11.1
_06579_,11.1
_06969_,11.1
_00072_,11.08
_00941_,11.08
_02059_,11.08
_04577_,11.08
_04620_,11.08
_04923_,11.08
_05100_,11.08
_05416_,11.08
_03884_,11.06
_04811_,11.06
_04954_,11.06
_00339_,11.04
_02115_,11.04
_02201_,11.04
_02705_,11.04
_03262_,11.04
_05388_,11.04
_05818_,11.04
_06311_,11.04
_01134_,11.035
_01457_,11.01
_05400_,11.005
_01123_,11
_02432_,11
_02560_,11
_01325_,10.98
_01715_,10.98
_03035_,10.98
_02844_,10.96
_03982_,10.96
_04288_,10.96
_04824_,10.96
_04879_,10.96
_05598_,10.96
_05713_,10.96
_06215_,10.96
_06658_,10.96
_02557_,10.94
_00944_,10.92
_01637_,10.92
_02069_,10.92
_03249_,10.92
_03758_,10.92
_03131_,10.91
_01147_,10.9
_01656_,10.9
_04653_,10.9
_05052_,10.9
_06043_,10.9
_02155_,10.88
_02323_,10.88
_02675_,10.88
_03537_,10.88
_05310_,10.88
_06683_,10.88
_01779_,10.86
_02469_,10.86
_03122_,10.86
_03163_,10.86
_03794_,10.86
_04101_,10.86
_04316_,10.86
_06176_,10.86
_06281_,10.86
_00674_,10.84
_00691_,10.84
_01266_,10.84
_01927_,10.84
_04297_,10.84
_05693_,10.84
_05906_,10.84
_06250_,10.84
_01206_,10.82
_01670_,10.82
_03728_,10.82
_04416_,10.82
_05373_,10.82
_06899_,10.82
_02521_,10.8
_03368_,10.8
_04870_,10.8
_05105_,10.8
_05302_,10.8
_05469_,10.8
_06468_,10.8
_01022_,10.79
_00135_,10.78
_01646_,10.78
_02147_,10.78
_03104_,10.78
_04439_,10.78
_05800_,10.78
_06119_,10.78
_07084_,10.78
_05336_,10.77
_00833_,10.76
_01092_,10.76
_01483_,10.76
_02970_,10.76
_03504_,10.76
_06057_,10.76
_00274_,10.74
_01071_,10.74
_01635_,10.74
_02935_,10.74
_04145_,10.74
_04633_,10.74
_05328_,10.74
_05374_,10.74
_06996_,10.74
_01909_,10.72
_02065_,10.72
_02997_,10.72
_01654_,10.7
_04165_,10.7
_03788_,10.69
_02429_,10.68
_04238_,10.68
_04904_,10.68
_06691_,10.68
_06736_,10.68
_03358_,10.675
_00296_,10.66
_00729_,10.66
_01838_,10.66
_01874_,10.66
_02889_,10.66
_03076_,10.66
_03663_,10.66
_06219_,10.66
_07013_,10.66
_00256_,10.64
_01604_,10.64
_02749_,10.64
_04705_,10.64
_00664_,10.62
_01323_,10.62
_03793_,10.62
_03967_,10.62
_04032_,10.62
_04039_,10.62
_04521_,10.62
_00590_,10.605
_00692_,10.6
_04113_,10.6
_05078_,10.6
_00837_,10.595
_05885_,10.595
_02244_,10.58
_02292_,10.58
_03539_,10.58
_04432_,10.58
_05359_,10.58
_03875_,10.56
_00788_,10.54
_01469_,10.54
_01492_,10.54
_01552_,10.54
_04966_,10.54
_05582_,10.54
_05805_,10.54
_06083_,10.54
net158,10.54
_00504_,10.52
_01217_,10.52
_02314_,10.52
_04739_,10.52
_00932_,10.51
b[30],10.51
_00487_,10.5
_00767_,10.5
_01876_,10.5
_02260_,10.5
_02876_,10.5
_04599_,10.5
_04810_,10.5
_05238_,10.5
_06531_,10.5
_02063_,10.48
_03465_,10.48
_03710_,10.48
_04199_,10.48
_04263_,10.48
_04946_,10.48
_00536_,10.46
_07057_,10.46
_04020_,10.44
_04466_,10.44
_04782_,10.44
_06698_,10.44
_06801_,10.44
_02654_,10.43
_00455_,10.42
_02928_,10.42
_03037_,10.42
_04195_,10.42
_05728_,10.42
_06271_,10.42
net172,10.42
_00053_,10.4
_00363_,10.4
_01128_,10.4
_02864_,10.4
_06115_,10.4
_06816_,10.4
_01106_,10.38
_01973_,10.38
_02026_,10.38
_05106_,10.38
_05638_,10.38
_05977_,10.36
_06547_,10.36
_06869_,10.36
_04080_,10.34
_04084_,10.34
_04478_,10.34
_06197_,10.33
_01966_,10.32
_02746_,10.32
_04981_,10.32
_05791_,10.32
_06047_,10.32
_06363_,10.32
_07018_,10.32
net133,10.32
_01055_,10.3
_03913_,10.3
_03988_,10.3
_04043_,10.3
_04485_,10.3
_04505_,10.3
_06173_,10.3
_06831_,10.3
_00435_,10.28
_00860_,10.28
_01017_,10.28
_01057_,10.28
_01140_,10.28
_01189_,10.28
_01425_,10.28
_01939_,10.28
_03373_,10.28
_03648_,10.28
_03649_,10.28
_04116_,10.28
_04170_,10.28
_05247_,10.28
_07079_,10.28
_01307_,10.26
_02441_,10.26
_03412_,10.26
_04576_,10.26
_04839_,10.26
_04840_,10.26
_05157_,10.26
_06079_,10.26
_03963_,10.25
_06152_,10.24
_06618_,10.24
_01109_,10.22
_00316_,10.2
_02499_,10.2
_02930_,10.2
_06185_,10.2
net190,10.2
_05953_,10.19
_00059_,10.18
_01002_,10.18
_02324_,10.18
_02533_,10.18
_02326_,10.175
_00284_,10.16
_01881_,10.16
_02162_,10.16
_02297_,10.16
_02384_,10.16
_02942_,10.16
_03103_,10.16
_03184_,10.16
_04409_,10.16
_05030_,10.16
_05048_,10.16
_05425_,10.16
_05510_,10.16
_05958_,10.16
_06212_,10.16
_06934_,10.16
_06850_,10.155
_03137_,10.14
_00133_,10.12
_00509_,10.12
_00968_,10.12
_04298_,10.12
_04388_,10.12
_04651_,10.12
_05051_,10.12
_05991_,10.12
_02685_,10.1
_01944_,10.08
_03066_,10.08
_03275_,10.08
_06549_,10.08
_05924_,10.075
_04143_,10.07
_01114_,10.06
_03983_,10.06
_06354_,10.06
_00924_,10.04
_01146_,10.04
_01332_,10.04
_02609_,10.04
_03646_,10.04
_04271_,10.04
_04740_,10.04
_05533_,10.04
_05621_,10.04
_05811_,10.04
_06373_,10.04
_07033_,10.04
_02093_,10.03
_00722_,10.02
_00768_,10.02
_01161_,10.02
_05146_,10.02
_05376_,10.02
_00011_,10
_01391_,10
_01447_,10
_01962_,10
_03668_,10
_06067_,10
_06785_,10
_07015_,10
_04261_,9.99
a[23],9.99
b[27],9.99
_03533_,9.98
_04176_,9.98
_04203_,9.98
prod[27],9.98
_00018_,9.96
_00098_,9.96
_00216_,9.96
_03187_,9.96
_03492_,9.96
_06096_,9.96
_06901_,9.96
_07046_,9.96
_00019_,9.94
_02604_,9.94
_03290_,9.94
_04562_,9.94
_04955_,9.94
_01490_,9.92
_01769_,9.92
_03417_,9.92
_03658_,9.92
_04991_,9.92
_00829_,9.915
_02489_,9.9
_02655_,9.9
_03294_,9.9
_04735_,9.89
_01406_,9.88
_03737_,9.88
_03955_,9.88
_04926_,9.88
_05170_,9.88
_04619_,9.86
_04861_,9.86
_06108_,9.86
_06270_,9.86
_06295_,9.86
_04738_,9.84
_00025_,9.82
_01346_,9.82
_01885_,9.82
_02444_,9.82
_02694_,9.82
_02952_,9.82
_04370_,9.82
_04433_,9.82
_05240_,9.82
_05492_,9.82
_00858_,9.8
_01292_,9.8
_02587_,9.8
_02704_,9.8
_03166_,9.8
_03256_,9.8
_03399_,9.8
_04344_,9.8
_04693_,9.8
_04951_,9.8
_06859_,9.8
_07059_,9.8
_01298_,9.785
_02000_,9.78
_02788_,9.78
_04650_,9.78
_05391_,9.78
_06323_,9.78
_06349_,9.78
_02841_,9.76
_02873_,9.76
_03315_,9.76
prod[56],9.76
_01240_,9.74
_01241_,9.74
_02629_,9.74
_03067_,9.74
_03246_,9.74
_04094_,9.74
_04290_,9.74
_04441_,9.74
_04591_,9.74
_07000_,9.74
_00695_,9.72
_00920_,9.72
_01938_,9.72
_02163_,9.72
_02697_,9.72
_02913_,9.72
_02953_,9.72
_03240_,9.72
_03821_,9.72
_06508_,9.72
_06902_,9.72
_00330_,9.71
_03601_,9.71
_00830_,9.7
_01512_,9.7
_01770_,9.7
_02354_,9.7
_02612_,9.7
_02897_,9.7
_03870_,9.7
_04060_,9.7
_05298_,9.7
_06051_,9.7
_03583_,9.69
_04570_,9.68
_05295_,9.68
_06629_,9.68
_01446_,9.66
_02539_,9.66
_03139_,9.66
_03911_,9.66
_04578_,9.66
_07050_,9.66
_05979_,9.65
_06674_,9.64
_05315_,9.63
_00032_,9.62
_00328_,9.62
_01794_,9.62
_01879_,9.62
_01917_,9.62
_02184_,9.62
_03444_,9.62
_04468_,9.62
_06113_,9.62
_06982_,9.62
_01144_,9.6
_02242_,9.6
_02868_,9.6
_03538_,9.6
_00305_,9.58
_00688_,9.58
_01143_,9.58
_02092_,9.58
_03089_,9.58
_04213_,9.58
_04729_,9.58
_05246_,9.58
_05937_,9.58
_01531_,9.56
_04034_,9.55
_02097_,9.54
_03984_,9.54
_05806_,9.54
_05816_,9.54
_06840_,9.535
_00759_,9.52
_03845_,9.52
net150,9.52
_03887_,9.51
_05018_,9.51
_00048_,9.5
_00217_,9.5
_00532_,9.5
_00773_,9.5
_01010_,9.5
_01196_,9.5
_01388_,9.5
_02621_,9.5
_02802_,9.5
_03932_,9.5
_04285_,9.5
_04339_,9.5
_04972_,9.5
_05165_,9.5
_05233_,9.5
_05978_,9.5
_06960_,9.5
_00073_,9.48
_01026_,9.48
_02547_,9.48
_02763_,9.48
_02789_,9.48
_03401_,9.48
_04147_,9.48
_05345_,9.48
_06402_,9.48
_00052_,9.46
_00601_,9.46
_01033_,9.46
_01684_,9.46
_03270_,9.46
_05560_,9.46
_06400_,9.46
_05117_,9.445
_01020_,9.44
_02790_,9.44
_03321_,9.44
_03502_,9.44
_03973_,9.44
_04253_,9.44
_04254_,9.44
_05543_,9.44
_05711_,9.44
_06940_,9.44
net168,9.44
_00118_,9.42
_01009_,9.42
_02376_,9.42
_03529_,9.42
_04418_,9.42
_04717_,9.42
_00060_,9.4
_00945_,9.4
_03612_,9.4
_00243_,9.38
_00985_,9.38
_04280_,9.38
_04611_,9.38
_05865_,9.38
_06019_,9.38
_06172_,9.38
_06568_,9.38
_00346_,9.36
_00817_,9.36
_02679_,9.36
_03429_,9.36
_03820_,9.36
_04791_,9.36
_05756_,9.36
_06020_,9.36
_06136_,9.36
_06377_,9.36
_06921_,9.36
net183,9.36
_00490_,9.34
_00937_,9.34
_01613_,9.34
_01614_,9.34
_02395_,9.34
_04022_,9.34
_04893_,9.34
_06823_,9.34
_01013_,9.32
_01025_,9.32
_02252_,9.32
_02490_,9.32
_02646_,9.32
_03178_,9.32
_03899_,9.32
_05965_,9.32
_02350_,9.3
_03046_,9.3
_03153_,9.3
b[28],9.3
_04871_,9.29
prod[16],9.29
_00801_,9.28
_01164_,9.28
_01198_,9.28
_01274_,9.28
_02711_,9.28
_05733_,9.28
_05926_,9.28
_06062_,9.28
_06146_,9.28
_06388_,9.28
_06445_,9.28
_00595_,9.26
_02179_,9.26
_02862_,9.26
_03384_,9.26
_03735_,9.26
_00314_,9.24
_02687_,9.24
_02901_,9.24
_03835_,9.24
_05278_,9.24
_07083_,9.24
_01782_,9.22
_02077_,9.22
_04373_,9.22
_06376_,9.22
_05715_,9.2
_06530_,9.2
_06838_,9.2
a[10],9.19
_03596_,9.18
_04526_,9.18
_04056_,9.17
_00058_,9.16
_00245_,9.16
_00443_,9.16
_01591_,9.16
_01946_,9.16
_06746_,9.16
_00026_,9.14
_01265_,9.14
_01753_,9.14
_01759_,9.14
_03032_,9.14
_04711_,9.14
_05006_,9.14
_05126_,9.14
_06880_,9.14
_00581_,9.12
_00834_,9.12
_01633_,9.12
_01666_,9.12
_01731_,9.12
_01859_,9.12
_01865_,9.12
_02607_,9.12
_03129_,9.12
_03202_,9.12
_03313_,9.12
_03464_,9.12
_03765_,9.12
_03861_,9.12
_05010_,9.12
_05409_,9.12
_05989_,9.12
_00128_,9.1
_03924_,9.1
_06708_,9.1
_00462_,9.08
_01215_,9.08
_07052_,9.08
_03591_,9.07
_02322_,9.06
_02413_,9.06
_04208_,9.06
_04390_,9.06
_06512_,9.06
_00139_,9.05
_02212_,9.04
_03323_,9.04
_07032_,9.04
_00528_,9.02
_02605_,9.02
_04256_,9.02
_04887_,9.02
_05049_,9.02
_05589_,9.02
_05915_,9.02
_04187_,9.015
_00874_,9
_01348_,9
_01902_,9
_03051_,9
_03361_,9
_03741_,9
_04607_,9
_05171_,9
_06670_,9
_06689_,9
_07027_,9
_05395_,8.995
_03980_,8.985
_02740_,8.98
_02797_,8.98
_03472_,8.98
_03534_,8.98
_03730_,8.98
_05903_,8.98
_05936_,8.98
_06826_,8.98
_00956_,8.96
_01439_,8.96
_01839_,8.96
_01864_,8.96
_05043_,8.96
_05947_,8.96
prod[19],8.96
prod[25],8.96
prod[32],8.96
prod[38],8.96
prod[43],8.96
prod[51],8.96
prod[57],8.96
_00681_,8.94
_01199_,8.94
_02378_,8.94
_03857_,8.94
_03966_,8.94
_04690_,8.94
_06088_,8.94
_06393_,8.94
_06963_,8.94
_05016_,8.93
_00514_,8.92
_01008_,8.92
_01774_,8.92
_02745_,8.92
_03080_,8.92
_03278_,8.92
_05229_,8.92
_05283_,8.92
_05497_,8.92
_00371_,8.9
_01516_,8.9
_01822_,8.9
_02787_,8.9
_03629_,8.9
_06424_,8.9
_06904_,8.9
net191,8.9
_03357_,8.89
_01750_,8.88
_02412_,8.88
_03264_,8.88
_03525_,8.88
_05787_,8.88
_02566_,8.86
_03439_,8.86
_04136_,8.86
_06729_,8.86
a[25],8.85
_02911_,8.84
_06559_,8.84
a[16],8.84
a[29],8.84
a[3],8.84
b[13],8.84
b[29],8.84
net153,8.84
_01787_,8.83
_04044_,8.83
_00559_,8.82
_00947_,8.82
_01397_,8.82
_02525_,8.82
_02601_,8.82
_02881_,8.82
_02954_,8.82
_05060_,8.82
_05454_,8.82
_00236_,8.8
_01834_,8.8
_01894_,8.8
_02543_,8.8
_03923_,8.8
_06976_,8.8
_00179_,8.78
_00186_,8.78
_00715_,8.78
_01669_,8.78
_02309_,8.78
_03306_,8.78
_03906_,8.78
_04100_,8.78
_04519_,8.78
_04945_,8.78
_04956_,8.78
_05187_,8.78
_06116_,8.78
_06162_,8.78
_06987_,8.78
_07030_,8.78
_02448_,8.775
_00743_,8.76
_01843_,8.76
_03799_,8.76
_03935_,8.76
_05957_,8.75
_01487_,8.745
_04528_,8.74
_04593_,8.74
_04643_,8.74
_06284_,8.74
_01728_,8.72
_03413_,8.72
a[22],8.72
a[26],8.72
a[8],8.72
b[11],8.72
b[14],8.72
b[16],8.72
b[17],8.72
b[9],8.72
_00084_,8.7
_00191_,8.7
_01336_,8.7
_01337_,8.7
_01493_,8.7
_02398_,8.7
_02647_,8.7
_04024_,8.7
_04085_,8.7
_04198_,8.7
_04277_,8.7
_05065_,8.7
_05372_,8.7
_05403_,8.7
_06878_,8.7
_04516_,8.695
_01597_,8.69
_02927_,8.68
_02999_,8.68
_03095_,8.68
_03372_,8.68
_03874_,8.68
_05063_,8.68
_04412_,8.67
_00056_,8.66
_00617_,8.66
_00850_,8.66
_01094_,8.66
_01701_,8.66
_01891_,8.66
_01906_,8.66
_03655_,8.66
_04175_,8.66
_04639_,8.66
_04970_,8.66
_06049_,8.66
_06104_,8.66
_06181_,8.66
_06475_,8.66
_03100_,8.65
_01073_,8.64
_02762_,8.64
_07042_,8.64
_03091_,8.62
_03650_,8.62
_06585_,8.62
_00288_,8.6
_00723_,8.6
_03934_,8.6
_04674_,8.6
net156,8.6
_00165_,8.58
_00481_,8.58
_00551_,8.58
_03154_,8.58
_04278_,8.58
_05057_,8.58
_05610_,8.58
_03042_,8.57
_04670_,8.57
_00266_,8.56
_00396_,8.56
_00401_,8.56
_00516_,8.56
_00764_,8.56
_01238_,8.56
_02021_,8.56
_03223_,8.56
_03245_,8.56
_04050_,8.56
_06283_,8.56
_06385_,8.56
_06500_,8.555
_01873_,8.54
_02037_,8.54
_03165_,8.54
_03862_,8.54
_07051_,8.54
_01367_,8.52
_01548_,8.52
_02446_,8.52
_03326_,8.52
_03977_,8.52
_05855_,8.52
_06630_,8.52
_01688_,8.5
_03251_,8.5
_03896_,8.5
_04801_,8.5
_06249_,8.5
_06977_,8.5
prod[49],8.5
net181,8.5
_00648_,8.48
_01127_,8.48
_01200_,8.48
_02095_,8.48
_04482_,8.48
_06325_,8.48
_04702_,8.47
_00886_,8.46
_01068_,8.46
_01166_,8.46
_02250_,8.46
_02987_,8.46
_03295_,8.46
_03366_,8.46
_04673_,8.46
_01468_,8.45
_00502_,8.44
_00808_,8.44
_00918_,8.44
_01442_,8.44
_01567_,8.44
_01796_,8.44
_02228_,8.44
_02586_,8.44
_02640_,8.44
_03208_,8.44
_03739_,8.44
_03797_,8.44
_04200_,8.44
_04318_,8.44
_04804_,8.44
_04984_,8.44
_05606_,8.44
_05803_,8.44
_06317_,8.44
_06870_,8.44
_06984_,8.44
_00625_,8.42
_01748_,8.42
_02048_,8.42
_02639_,8.42
_04065_,8.42
_06882_,8.41
_03552_,8.4
_04332_,8.4
_05537_,8.4
_06396_,8.4
_06064_,8.38
b[1],8.38
_00261_,8.36
_00992_,8.36
_01119_,8.36
_01450_,8.36
_02668_,8.36
_02808_,8.36
_03055_,8.36
_04093_,8.36
_04721_,8.36
_04727_,8.36
_05202_,8.36
_05361_,8.36
_02618_,8.35
_01070_,8.34
_01560_,8.34
_04155_,8.34
_00176_,8.32
_00214_,8.32
_00428_,8.32
_00933_,8.32
_01079_,8.32
_01462_,8.32
_01569_,8.32
_02906_,8.32
_04082_,8.32
_04436_,8.32
_04487_,8.32
_04628_,8.32
_04978_,8.32
_05044_,8.32
_05111_,8.32
_06813_,8.32
_03818_,8.3
_02240_,8.28
_06945_,8.28
_00343_,8.26
_01534_,8.26
a[2],8.26
_06968_,8.25
_00885_,8.24
_01719_,8.24
_02033_,8.24
_03458_,8.24
_03635_,8.24
_03640_,8.24
_03889_,8.24
_04313_,8.24
_04710_,8.24
_05342_,8.24
_01175_,8.22
_05568_,8.22
_06378_,8.22
_06866_,8.22
_04805_,8.215
_00287_,8.2
_00441_,8.2
_00676_,8.2
_01850_,8.2
_02015_,8.2
_02479_,8.2
_02733_,8.2
_03961_,8.2
_04265_,8.2
_04333_,8.2
_05934_,8.2
_02317_,8.18
_00125_,8.16
_03292_,8.16
_00047_,8.14
_00137_,8.14
_00753_,8.14
_01491_,8.14
_02538_,8.14
_04267_,8.14
_04759_,8.14
_05817_,8.14
_06264_,8.14
_02597_,8.12
_02824_,8.12
_03409_,8.12
_03807_,8.12
_04400_,8.12
_04438_,8.12
_04451_,8.12
_06799_,8.12
_00493_,8.1
_00642_,8.1
_01878_,8.1
_02205_,8.1
_02933_,8.1
_03061_,8.1
_03574_,8.1
_03661_,8.1
_03900_,8.1
_04259_,8.1
_04691_,8.1
_04734_,8.1
_04980_,8.1
_05892_,8.1
_00023_,8.08
_00545_,8.08
_00926_,8.08
_01928_,8.08
_02284_,8.08
_03895_,8.08
_04167_,8.08
_05460_,8.08
_05561_,8.08
_05988_,8.08
_06769_,8.08
_04460_,8.075
_00510_,8.06
_02869_,8.06
_04053_,8.06
_06896_,8.06
_07012_,8.06
_01065_,8.04
_01802_,8.04
_04866_,8.04
_00368_,8.02
_00533_,8.02
_01797_,8.02
_02157_,8.02
_02691_,8.02
_02886_,8.02
_03052_,8.02
_03109_,8.02
_03732_,8.02
_04442_,8.02
_04652_,8.02
_04872_,8.02
_05309_,8.02
_05428_,8.02
_05891_,8.02
_06050_,8.02
_06231_,8.02
_06625_,8.02
_06974_,8.02
_01366_,8.015
_00454_,8.01
_00537_,8
_01813_,8
_01971_,8
_03712_,8
_05123_,8
_05164_,8
_06598_,8
_00028_,7.98
_01101_,7.98
_01251_,7.98
_01530_,7.98
_01594_,7.98
_03520_,7.98
_03903_,7.98
_04130_,7.98
_04511_,7.98
_04934_,7.98
_05092_,7.98
_05692_,7.98
_06567_,7.98
_06893_,7.98
_00737_,7.96
_02360_,7.96
_02623_,7.96
_02863_,7.96
_03083_,7.96
_04746_,7.96
_04823_,7.96
_06462_,7.96
_00123_,7.95
_04644_,7.94
_05486_,7.94
_06609_,7.94
_00622_,7.92
_02884_,7.92
_05720_,7.92
_05995_,7.92
_00173_,7.9
_00724_,7.9
_02542_,7.9
_04071_,7.9
_04364_,7.9
_06315_,7.9
_06410_,7.9
_06477_,7.9
_06703_,7.9
_00182_,7.88
_01322_,7.88
_01674_,7.88
_01783_,7.88
_01872_,7.88
_02237_,7.88
_03669_,7.88
_04328_,7.88
_06143_,7.88
_00247_,7.86
_00348_,7.86
_00418_,7.86
_02225_,7.86
_02506_,7.86
_03562_,7.86
_03619_,7.86
_04073_,7.86
_04153_,7.86
_04793_,7.86
_06858_,7.86
_02041_,7.84
_05899_,7.84
_06260_,7.84
_06694_,7.84
_02580_,7.82
_05511_,7.82
_05607_,7.82
net174,7.82
_03209_,7.8
_03381_,7.8
_00424_,7.78
_00587_,7.78
_00678_,7.78
_01566_,7.78
_01678_,7.78
_01989_,7.78
_02674_,7.78
_03337_,7.78
_04002_,7.78
_05255_,7.78
_05290_,7.78
_05660_,7.78
_06012_,7.78
_06768_,7.78
_00022_,7.76
_00171_,7.76
_02812_,7.76
_05444_,7.76
_06346_,7.76
_00358_,7.74
_00643_,7.74
_01004_,7.74
_01297_,7.74
_01817_,7.74
_01829_,7.74
_01935_,7.74
_02346_,7.74
_04787_,7.74
_05420_,7.74
_05781_,7.74
_06203_,7.74
_06669_,7.74
_02998_,7.725
_00624_,7.72
_03724_,7.715
_00107_,7.7
_02218_,7.7
_02271_,7.7
_03914_,7.7
_05189_,7.7
_05396_,7.7
_01398_,7.68
_01502_,7.68
_02047_,7.68
_02510_,7.68
_04415_,7.68
_04757_,7.68
_04788_,7.68
net164,7.68
_01213_,7.66
_01220_,7.66
_02353_,7.66
_02592_,7.66
_02826_,7.66
_03105_,7.66
_03450_,7.66
_04844_,7.66
_05119_,7.66
_05227_,7.66
_05496_,7.66
_06106_,7.66
_06326_,7.66
_06330_,7.66
_06362_,7.66
_06503_,7.66
_07005_,7.66
_02199_,7.655
_00185_,7.64
_00437_,7.64
_01711_,7.64
_02569_,7.64
_03006_,7.64
_03267_,7.64
_03360_,7.64
_03611_,7.64
_03946_,7.64
_04301_,7.64
_04647_,7.64
_04812_,7.64
_05745_,7.64
_05884_,7.64
_06682_,7.64
_06704_,7.64
_06917_,7.64
_01503_,7.62
_03099_,7.62
_03912_,7.62
_04770_,7.62
_03452_,7.61
_00331_,7.6
_00848_,7.6
_01969_,7.6
_02529_,7.6
_03324_,7.6
_05778_,7.6
_06007_,7.6
_06589_,7.6
_01231_,7.59
prod[11],7.59
prod[12],7.59
prod[18],7.59
prod[23],7.59
prod[34],7.59
prod[53],7.59
_03341_,7.58
_06372_,7.58
prod[22],7.58
prod[28],7.58
prod[3],7.58
prod[5],7.58
prod[6],7.58
_00005_,7.56
_00190_,7.56
_00675_,7.56
_01528_,7.56
_01994_,7.56
_03133_,7.56
_03220_,7.56
_03420_,7.56
_04054_,7.56
_05963_,7.56
_06863_,7.56
_01418_,7.54
_01445_,7.54
_01673_,7.54
_02124_,7.54
_02183_,7.54
_03077_,7.54
_06561_,7.54
_02751_,7.535
_00088_,7.52
_01775_,7.52
_02526_,7.52
_02636_,7.52
_02880_,7.52
_03182_,7.52
_03331_,7.52
_03694_,7.52
_03770_,7.52
_03925_,7.52
_03933_,7.52
_04045_,7.52
_04066_,7.52
_04083_,7.52
_04435_,7.52
_04609_,7.52
_05277_,7.52
_05557_,7.52
_05912_,7.52
_06158_,7.52
_06399_,7.52
_06688_,7.52
_00308_,7.515
_00787_,7.5
_01497_,7.5
_05993_,7.5
_06924_,7.5
_06676_,7.495
_01273_,7.46
_01278_,7.46
_01767_,7.46
_03135_,7.46
_03171_,7.46
_03546_,7.46
_05690_,7.46
_06647_,7.46
_04625_,7.45
_00857_,7.44
_02833_,7.44
_03106_,7.44
_03286_,7.44
_03516_,7.44
_03572_,7.44
_03627_,7.44
_03667_,7.44
_03826_,7.44
_04371_,7.44
_04470_,7.44
_04567_,7.44
_04695_,7.44
_05418_,7.44
_06518_,7.44
_00754_,7.42
_01455_,7.42
_03297_,7.42
_04881_,7.42
_05540_,7.42
net134,7.42
_03232_,7.415
_05041_,7.415
_06040_,7.415
_00039_,7.4
_00189_,7.4
_00350_,7.4
_00361_,7.4
_01049_,7.4
_03528_,7.4
_04747_,7.4
_05900_,7.4
_06017_,7.4
_06328_,7.4
_06352_,7.4
_06807_,7.4
_04075_,7.395
_01537_,7.38
_01751_,7.38
_04742_,7.36
_06132_,7.34
_06267_,7.34
_00500_,7.32
_00822_,7.32
_01373_,7.32
_01565_,7.32
_01627_,7.32
_01703_,7.32
_01890_,7.32
_01993_,7.32
_02599_,7.32
_03011_,7.32
_03455_,7.32
_03469_,7.32
_03763_,7.32
_04019_,7.32
_04107_,7.32
_05512_,7.32
_06763_,7.32
_01562_,7.305
_03226_,7.3
_04937_,7.3
_00809_,7.28
_01984_,7.28
_02217_,7.28
_02781_,7.28
_03872_,7.28
_04859_,7.28
_04869_,7.28
_05081_,7.28
_05154_,7.28
_06668_,7.28
_07017_,7.28
_07068_,7.28
_04341_,7.27
_06139_,7.26
_00934_,7.24
_03241_,7.24
_03355_,7.24
_03689_,7.23
_00034_,7.22
_00791_,7.22
_02630_,7.22
_02914_,7.22
_03909_,7.22
_05929_,7.22
_06572_,7.22
net165,7.22
_00103_,7.21
_02667_,7.205
_00429_,7.2
_00646_,7.2
_00714_,7.2
_01126_,7.2
_02210_,7.2
_02848_,7.2
_04462_,7.2
_05980_,7.2
_06093_,7.2
_06137_,7.2
_06666_,7.2
_06748_,7.2
_02420_,7.18
_02896_,7.18
_03219_,7.18
_03726_,7.18
_03742_,7.18
_04000_,7.18
_04052_,7.18
_04564_,7.18
_04792_,7.18
_04837_,7.18
_05382_,7.18
_06548_,7.18
_01525_,7.16
_01660_,7.16
_01893_,7.16
_03675_,7.16
_05827_,7.16
_05944_,7.16
_07028_,7.16
_00476_,7.14
_01549_,7.14
_03920_,7.14
_06758_,7.14
_02961_,7.12
_03198_,7.12
_04018_,7.12
_04669_,7.12
_04803_,7.12
_05657_,7.12
_06815_,7.12
net151,7.12
_00621_,7.1
_01224_,7.1
_02019_,7.1
_02220_,7.1
_02425_,7.1
_03194_,7.1
_04204_,7.1
_04495_,7.1
_05004_,7.1
_06345_,7.1
_06386_,7.1
net147,7.09
_00404_,7.08
_00952_,7.08
_01482_,7.08
_02011_,7.08
_02816_,7.08
_04450_,7.08
_04683_,7.08
_04708_,7.08
_06082_,7.08
_06148_,7.08
_00041_,7.06
_00187_,7.06
_00290_,7.06
_00302_,7.06
_00385_,7.06
_00471_,7.06
_00568_,7.06
_01942_,7.06
_02216_,7.06
_02258_,7.06
_02583_,7.06
_02941_,7.06
_03041_,7.06
_03468_,7.06
_03483_,7.06
_03722_,7.06
_04360_,7.06
_05935_,7.06
_06731_,7.06
net157,7.06
_01308_,7.04
_03334_,7.04
_00092_,7.03
_00237_,7.02
_00887_,7.01
_05025_,7.01
_02519_,7
_04850_,7
_06014_,7
_06341_,7
_00863_,6.985
_05852_,6.985
_01080_,6.98
_01270_,6.98
_01320_,6.98
_02532_,6.98
_02761_,6.98
_02769_,6.98
_03034_,6.98
_03651_,6.98
_03979_,6.98
_04336_,6.98
_04479_,6.98
_04817_,6.98
_05266_,6.98
_06685_,6.98
_06883_,6.98
_06952_,6.98
_07066_,6.98
_05591_,6.97
_00592_,6.96
_01387_,6.96
_01778_,6.96
_02554_,6.96
_02865_,6.96
_03273_,6.96
_03362_,6.96
_04555_,6.96
_01141_,6.94
_01926_,6.94
_02058_,6.94
_03197_,6.94
_03767_,6.94
_03842_,6.94
_03891_,6.94
_03947_,6.94
_04118_,6.94
_04423_,6.94
_04774_,6.94
_06204_,6.94
_06436_,6.94
_01136_,6.93
_02438_,6.92
_03949_,6.92
_04749_,6.9
_05618_,6.9
_00252_,6.88
_00988_,6.88
_02004_,6.88
_03379_,6.88
_05317_,6.88
_06044_,6.88
_06761_,6.88
_00010_,6.86
_00312_,6.86
_00548_,6.86
_00892_,6.86
_01714_,6.86
_01746_,6.86
_02403_,6.86
_02750_,6.86
_02806_,6.86
_02851_,6.86
_03642_,6.86
_03883_,6.86
_03885_,6.86
_04907_,6.86
_05260_,6.86
_06358_,6.86
_06464_,6.86
_06465_,6.86
_06900_,6.86
_06432_,6.855
_02329_,6.85
_03723_,6.84
_00269_,6.82
_01107_,6.82
_01625_,6.82
_01871_,6.82
_02556_,6.82
_03128_,6.82
_03757_,6.82
_03839_,6.82
_05021_,6.82
_06649_,6.82
_06890_,6.82
_07067_,6.82
net189,6.82
_01125_,6.8
_03871_,6.8
prod[20],6.79
_03174_,6.78
_04011_,6.78
_06165_,6.78
_06735_,6.78
b[6],6.77
_00292_,6.76
_02396_,6.76
_02974_,6.76
_07007_,6.76
_04222_,6.755
_00090_,6.74
_00154_,6.74
_00731_,6.74
_00994_,6.74
_01225_,6.74
_01515_,6.74
_01970_,6.74
_03746_,6.74
_04786_,6.74
_04932_,6.74
_05360_,6.74
_06002_,6.74
_06080_,6.74
_06256_,6.74
net180,6.74
_00794_,6.72
_01377_,6.72
_01743_,6.72
_02054_,6.72
_02104_,6.72
_02302_,6.72
_02972_,6.72
_02984_,6.72
_03288_,6.72
_03424_,6.72
_03921_,6.72
_04029_,6.72
_04286_,6.72
_04815_,6.72
_05491_,6.72
_06107_,6.72
_06124_,6.72
_06827_,6.72
_05058_,6.67
_06713_,6.67
_01235_,6.66
_01449_,6.66
_01479_,6.66
_01587_,6.66
_02785_,6.66
_02831_,6.66
_02885_,6.66
_03805_,6.66
_05098_,6.66
_05553_,6.66
_06101_,6.66
_06303_,6.66
_06569_,6.66
_06717_,6.66
_00055_,6.64
_00169_,6.64
_00599_,6.64
_00758_,6.64
_00797_,6.64
_01031_,6.64
_01145_,6.64
_01324_,6.64
_01353_,6.64
_01381_,6.64
_01404_,6.64
_02366_,6.64
_02619_,6.64
_02931_,6.64
_03415_,6.64
_04009_,6.64
_04496_,6.64
_04779_,6.64
_05210_,6.64
_06339_,6.64
_06795_,6.64
_06834_,6.64
_07022_,6.64
_00477_,6.62
_00746_,6.62
_01453_,6.62
_03863_,6.62
_04896_,6.62
_05860_,6.62
_00248_,6.6
_00619_,6.6
_00658_,6.6
_00696_,6.6
_00726_,6.6
_00748_,6.6
_00825_,6.6
_01634_,6.6
_02633_,6.6
_02682_,6.6
_03028_,6.6
_03771_,6.6
_04529_,6.6
_04794_,6.6
_05124_,6.6
_05166_,6.6
_05188_,6.6
_05288_,6.6
_05862_,6.6
_05909_,6.6
_06209_,6.6
_06245_,6.6
_06374_,6.6
_06787_,6.6
_06808_,6.6
_06865_,6.6
_06986_,6.6
_00372_,6.58
_03347_,6.58
_06983_,6.57
_03711_,6.56
_04631_,6.56
_02940_,6.55
_00468_,6.54
_01045_,6.54
_02882_,6.54
_04905_,6.54
_05369_,6.54
_05393_,6.54
_06936_,6.54
_00015_,6.52
_00527_,6.52
_01706_,6.52
_01718_,6.52
_01815_,6.52
_01998_,6.52
_02111_,6.52
_02118_,6.52
_02282_,6.52
_02365_,6.52
_02626_,6.52
_02958_,6.52
_03060_,6.52
_03333_,6.52
_03363_,6.52
_03855_,6.52
_04497_,6.52
_05072_,6.52
_05943_,6.52
_06030_,6.52
_06068_,6.52
_06845_,6.52
_00482_,6.5
_01968_,6.5
_06035_,6.5
_00042_,6.48
_00539_,6.48
_00900_,6.48
_01210_,6.48
_01286_,6.48
_01981_,6.48
_03478_,6.48
_04074_,6.48
_04174_,6.48
_04944_,6.48
_06422_,6.48
_06959_,6.48
_00936_,6.46
_02553_,6.46
_03382_,6.44
_04826_,6.44
prod[59],6.43
_00400_,6.42
_04685_,6.42
_04860_,6.42
_00781_,6.4
_01282_,6.4
_01723_,6.4
_02288_,6.4
_02372_,6.4
_02504_,6.4
_02680_,6.4
_02701_,6.4
_03269_,6.4
_03300_,6.4
_03356_,6.4
_03725_,6.4
_04087_,6.4
_04098_,6.4
_04852_,6.4
_05348_,6.4
_06063_,6.4
_06371_,6.4
_06830_,6.4
_00270_,6.38
_01561_,6.38
_02245_,6.38
_02451_,6.38
_05701_,6.38
_05928_,6.38
_02962_,6.375
_01138_,6.37
_03303_,6.36
_05450_,6.36
_04846_,6.34
_03014_,6.335
_01084_,6.32
_01589_,6.32
_01641_,6.32
_06788_,6.32
_07063_,6.32
a[31],6.31
b[10],6.31
_00012_,6.3
_02154_,6.3
_03390_,6.3
_04092_,6.3
_05419_,6.3
_05847_,6.3
_06200_,6.3
_06236_,6.3
_07006_,6.3
_00813_,6.28
_00927_,6.28
_01977_,6.28
_02899_,6.28
_03325_,6.28
_05332_,6.28
_05839_,6.28
_06111_,6.28
_06451_,6.28
_06543_,6.28
_06913_,6.28
_03314_,6.27
_00570_,6.26
_01511_,6.26
_03312_,6.26
_04679_,6.26
_05023_,6.26
_05406_,6.26
_05481_,6.26
_05890_,6.26
_05940_,6.26
_06118_,6.26
_06836_,6.25
_01522_,6.24
_03715_,6.24
_04106_,6.24
_05874_,6.24
_06350_,6.24
_06867_,6.24
_03350_,6.22
_02186_,6.2
_02771_,6.2
_02836_,6.2
_02837_,6.2
_02888_,6.2
_03120_,6.2
_03320_,6.2
_03806_,6.2
_04227_,6.2
net159,6.2
_00849_,6.18
_00907_,6.18
_01380_,6.18
_01668_,6.18
_01761_,6.18
_01812_,6.18
_02440_,6.18
_02756_,6.18
_02902_,6.18
_03266_,6.18
_03271_,6.18
_03287_,6.18
_03353_,6.18
_03720_,6.18
_04128_,6.18
_04133_,6.18
_04678_,6.18
_04877_,6.18
_04964_,6.18
_05005_,6.18
_06592_,6.18
_06705_,6.18
_06855_,6.18
_06907_,6.18
_00645_,6.16
_01201_,6.16
_01330_,6.16
_01961_,6.16
_02471_,6.16
_04040_,6.16
_04771_,6.16
_05938_,6.16
_06714_,6.16
_06876_,6.16
_06919_,6.16
_02064_,6.15
_00281_,6.14
_00313_,6.14
_00889_,6.14
_01331_,6.14
_01477_,6.14
_01721_,6.14
_01732_,6.14
_01830_,6.14
_01936_,6.14
_02087_,6.14
_02732_,6.14
_03203_,6.14
_03265_,6.14
_03717_,6.14
_03759_,6.14
_03784_,6.14
_03901_,6.14
_04557_,6.14
_04890_,6.14
_05003_,6.14
_05028_,6.14
_05050_,6.14
_05094_,6.14
_05215_,6.14
_06375_,6.14
_06770_,6.14
_06797_,6.14
_00498_,6.12
_01028_,6.12
_03044_,6.11
_04784_,6.1
a[28],6.09
b[0],6.09
b[25],6.09
b[26],6.09
b[31],6.09
prod[8],6.09
_01429_,6.08
_02622_,6.08
_03079_,6.08
_03392_,6.08
_00279_,6.06
_00450_,6.06
_00958_,6.06
_02463_,6.06
_02576_,6.06
_03110_,6.06
_03230_,6.06
_03389_,6.06
_03463_,6.06
_05156_,6.06
_05311_,6.06
_04264_,6.05
_00582_,6.04
_02572_,6.04
_02860_,6.03
_04428_,6.02
_05196_,6.02
_06992_,6.02
_04973_,5.97
a[11],5.97
a[6],5.97
a[9],5.97
b[5],5.97
_00627_,5.96
_01895_,5.96
_01914_,5.96
_02016_,5.96
_04751_,5.96
_05349_,5.96
_06151_,5.96
_06276_,5.96
_00241_,5.94
_00394_,5.94
_00405_,5.94
_00969_,5.94
_02512_,5.94
_02515_,5.94
_02801_,5.94
_02830_,5.94
_02859_,5.94
_03078_,5.94
_03204_,5.94
_03263_,5.94
_03558_,5.94
_05090_,5.94
_05182_,5.94
_06066_,5.94
_06105_,5.94
_06488_,5.94
_03160_,5.925
_04640_,5.925
_00577_,5.92
_01568_,5.92
_03255_,5.92
_03700_,5.92
_04748_,5.91
_01386_,5.9
_01884_,5.9
_02706_,5.9
_06802_,5.9
_00494_,5.86
_01785_,5.86
_01801_,5.86
_02132_,5.86
_02793_,5.86
_03207_,5.86
_04723_,5.86
_04755_,5.86
_06021_,5.86
_06718_,5.86
_06814_,5.86
_03017_,5.855
_00315_,5.84
_00473_,5.84
_01484_,5.84
_01523_,5.84
_02402_,5.84
_03843_,5.84
_04976_,5.84
_05986_,5.84
_06275_,5.84
_06490_,5.84
_06662_,5.84
_00205_,5.82
_00433_,5.82
_00600_,5.82
_00967_,5.82
_01151_,5.82
_01344_,5.82
_02140_,5.82
_02279_,5.82
_02330_,5.82
_02390_,5.82
_02813_,5.82
_03158_,5.82
_04493_,5.82
_04605_,5.82
_06588_,5.82
_06887_,5.82
_07058_,5.82
_03930_,5.815
_00115_,5.8
_00286_,5.8
_00351_,5.8
_00540_,5.8
_00993_,5.8
_01063_,5.8
_01826_,5.8
_02012_,5.8
_03088_,5.8
_03258_,5.8
_03375_,5.8
_04069_,5.8
_05073_,5.8
_05381_,5.8
_06405_,5.8
_06474_,5.8
_06504_,5.8
_06829_,5.8
_06979_,5.8
_07034_,5.8
_07049_,5.8
_03022_,5.78
_05062_,5.77
_06285_,5.76
prod[21],5.75
prod[2],5.75
prod[31],5.75
prod[36],5.75
prod[37],5.75
prod[39],5.75
prod[47],5.75
prod[55],5.75
prod[9],5.75
_00752_,5.74
_02660_,5.74
_04033_,5.74
_04088_,5.74
_05330_,5.74
_05774_,5.74
_06421_,5.74
_06783_,5.74
_00538_,5.72
_00550_,5.72
_00698_,5.72
_01532_,5.72
_01574_,5.72
_02079_,5.72
_02161_,5.72
_02340_,5.72
_03058_,5.72
_03296_,5.72
_03400_,5.72
_03466_,5.72
_03482_,5.72
_03755_,5.72
_04228_,5.72
_04444_,5.72
_04623_,5.72
_04806_,5.72
_05001_,5.72
_05252_,5.72
_05254_,5.72
_05736_,5.72
_06123_,5.72
_06164_,5.72
_06638_,5.72
_06715_,5.72
_06857_,5.72
_06932_,5.72
_01229_,5.7
_02234_,5.7
_02700_,5.7
_03054_,5.7
_03563_,5.7
_03753_,5.7
_03960_,5.7
_03996_,5.7
_04836_,5.7
_05489_,5.7
_05920_,5.7
_06510_,5.7
_00102_,5.68
_00130_,5.68
_00168_,5.68
_00409_,5.68
_00489_,5.68
_00981_,5.68
_01135_,5.68
_01150_,5.68
_02143_,5.68
_02845_,5.68
_02969_,5.68
_03097_,5.68
_03235_,5.68
_03672_,5.68
_04111_,5.68
_04181_,5.68
_05296_,5.68
_05477_,5.68
_05555_,5.68
_06224_,5.68
_06348_,5.68
_06605_,5.68
_06699_,5.68
net78,5.68
net128,5.68
_04655_,5.66
_06832_,5.65
_01494_,5.64
_02421_,5.63
a[14],5.63
b[15],5.63
b[20],5.63
b[4],5.63
_01396_,5.62
_02383_,5.62
_02943_,5.62
_04049_,5.62
_04569_,5.62
_05042_,5.62
_06127_,5.62
_01764_,5.615
_02809_,5.61
_06145_,5.61
_00909_,5.6
_00979_,5.6
_01677_,5.6
_02198_,5.6
_02336_,5.6
_02909_,5.6
_02986_,5.6
_03795_,5.6
_04078_,5.6
_04117_,5.6
_04188_,5.6
_05115_,5.6
_05137_,5.6
_05155_,5.6
_05316_,5.6
_06166_,5.6
_07026_,5.6
_01083_,5.595
_04940_,5.595
_02600_,5.59
_02648_,5.59
_01742_,5.58
_02852_,5.58
_04943_,5.58
_05217_,5.58
_06060_,5.58
_06517_,5.58
_04658_,5.575
_01184_,5.56
_04986_,5.56
_02995_,5.54
_06413_,5.54
_03447_,5.53
_05110_,5.53
_01087_,5.52
_02500_,5.52
_02874_,5.52
_03039_,5.52
_06304_,5.52
_01619_,5.5
_04311_,5.5
_02356_,5.495
_06841_,5.495
_00117_,5.48
_00124_,5.48
_00224_,5.48
_00739_,5.48
_00929_,5.48
_00935_,5.48
_01488_,5.48
_02236_,5.48
_02900_,5.48
_03867_,5.48
_05873_,5.48
_05974_,5.48
_06287_,5.48
_06943_,5.48
_00919_,5.475
_02014_,5.46
_03764_,5.46
_04202_,5.46
_01659_,5.44
_06193_,5.435
a[21],5.41
b[18],5.41
b[24],5.41
_00043_,5.4
_01051_,5.4
_04410_,5.4
_05971_,5.4
_06184_,5.4
_06420_,5.4
_06739_,5.4
_02550_,5.395
_00651_,5.38
_00736_,5.38
_01037_,5.38
_01205_,5.38
_01466_,5.38
_02359_,5.38
_02915_,5.38
_03049_,5.38
_03304_,5.38
_04035_,5.38
_04233_,5.38
_04664_,5.38
_04994_,5.38
_05032_,5.38
_05394_,5.38
_05407_,5.38
_05534_,5.38
_05619_,5.38
_05707_,5.38
_05948_,5.38
_06198_,5.38
_04818_,5.37
_00105_,5.36
_00461_,5.36
_00593_,5.36
_03509_,5.36
_03936_,5.36
_04507_,5.36
_04733_,5.36
_05397_,5.36
_05762_,5.36
_06065_,5.36
_06273_,5.36
_06817_,5.36
_00238_,5.34
_00480_,5.34
_00594_,5.34
_00815_,5.34
_00855_,5.34
_01903_,5.34
_01992_,5.34
_02248_,5.34
_02567_,5.34
_02825_,5.34
_02834_,5.34
_03535_,5.34
_03628_,5.34
_04518_,5.34
_04615_,5.34
_04929_,5.34
_05933_,5.34
_06408_,5.34
_06485_,5.34
_03691_,5.3
a[17],5.29
_00156_,5.28
_00220_,5.28
_00426_,5.28
_00507_,5.28
_01423_,5.28
_02775_,5.28
_03332_,5.28
_03836_,5.28
_04209_,5.28
_06519_,5.28
_06851_,5.28
_07062_,5.28
net171,5.28
_00506_,5.26
_00511_,5.26
_00659_,5.26
_00977_,5.26
_01133_,5.26
_01335_,5.26
_01880_,5.26
_02478_,5.26
_02503_,5.26
_02783_,5.26
_03228_,5.26
_03233_,5.26
_03958_,5.26
_04443_,5.26
_04715_,5.26
_04842_,5.26
_05270_,5.26
_05300_,5.26
_05583_,5.26
_05603_,5.26
_05673_,5.26
_05987_,5.26
_05990_,5.26
_06356_,5.26
_06435_,5.26
_06466_,5.26
_04833_,5.25
_00838_,5.24
_02227_,5.24
_04196_,5.24
_06015_,5.24
_06381_,5.24
_00071_,5.22
_00152_,5.22
_00474_,5.22
_00495_,5.22
_00560_,5.22
_00606_,5.22
_00614_,5.22
_01395_,5.22
_01424_,5.22
_01514_,5.22
_01965_,5.22
_02433_,5.22
_02620_,5.22
_04641_,5.22
_04688_,5.22
_05308_,5.22
_05834_,5.22
_05876_,5.22
_06183_,5.22
_06389_,5.22
_06544_,5.22
_06780_,5.22
net179,5.22
_00397_,5.16
_03376_,5.16
_03869_,5.16
_05844_,5.16
_06110_,5.16
_06409_,5.16
_06542_,5.16
_06672_,5.16
_06507_,5.145
_00518_,5.14
_01258_,5.14
_01733_,5.14
_02332_,5.14
_02516_,5.14
_02546_,5.14
_02676_,5.14
_03021_,5.14
_03075_,5.14
_03344_,5.14
_03811_,5.14
_04138_,5.14
_04192_,5.14
_04230_,5.14
_04568_,5.14
_05061_,5.14
_05186_,5.14
_06090_,5.14
_06220_,5.14
_06343_,5.14
_06906_,5.14
_00826_,5.12
_01401_,5.12
_02625_,5.12
_05158_,5.12
_05878_,5.12
_06843_,5.12
_00515_,5.1
_01951_,5.1
_02145_,5.1
_03102_,5.1
_04854_,5.1
_05379_,5.1
prod[0],5.07
prod[13],5.07
prod[1],5.07
prod[29],5.07
prod[30],5.07
prod[33],5.07
prod[35],5.07
prod[54],5.07
_00359_,5.06
_01124_,5.06
_03213_,5.06
_05103_,5.06
net178,5.06
_02777_,5.04
_02815_,5.04
_04953_,5.025
_00465_,5.02
_01121_,5.02
_01132_,5.02
_01542_,5.02
_01849_,5.02
_01937_,5.02
_01991_,5.02
_02091_,5.02
_02531_,5.02
_02656_,5.02
_03812_,5.02
_04086_,5.02
_04662_,5.02
_04676_,5.02
_04761_,5.02
_05237_,5.02
_05265_,5.02
_05627_,5.02
_06331_,5.02
_06486_,5.02
_06848_,5.02
_07065_,5.02
_01986_,5
_05790_,5
_06237_,5
_06398_,4.95
a[12],4.95
prod[24],4.95
prod[40],4.95
prod[41],4.95
prod[48],4.95
prod[58],4.95
prod[7],4.95
_00024_,4.94
_02985_,4.94
_03939_,4.94
_04097_,4.94
_04207_,4.94
_04211_,4.94
_05070_,4.94
_05159_,4.94
_05655_,4.94
_05922_,4.94
_06168_,4.94
_06608_,4.94
_02173_,4.93
_00230_,4.92
_00448_,4.92
_01609_,4.92
_01745_,4.92
_02200_,4.92
_02243_,4.92
_02752_,4.92
_02832_,4.92
_02872_,4.92
_03348_,4.92
_03374_,4.92
_04315_,4.92
_04324_,4.92
_04408_,4.92
_04445_,4.92
_04629_,4.92
_04686_,4.92
_04763_,4.92
_04797_,4.92
_05234_,4.92
_05334_,4.92
_06210_,4.92
_06289_,4.92
_06914_,4.92
_00686_,4.9
_00747_,4.9
_01707_,4.9
_02056_,4.9
_02778_,4.9
_03614_,4.9
_03815_,4.9
_05327_,4.9
_06721_,4.9
_01029_,4.88
_01052_,4.88
_01655_,4.88
_01857_,4.88
_02078_,4.88
_02641_,4.88
_02866_,4.88
_03193_,4.88
_03385_,4.88
_03422_,4.88
_03432_,4.88
_04183_,4.88
_04218_,4.88
_04538_,4.88
_04692_,4.88
_04752_,4.88
_05112_,4.88
_05175_,4.88
_05468_,4.88
_05547_,4.88
_05611_,4.88
_05783_,4.88
_00140_,4.82
_00297_,4.82
_01118_,4.82
_01454_,4.82
_01529_,4.82
_01599_,4.82
_01699_,4.82
_02146_,4.82
_02319_,4.82
_03123_,4.82
_03195_,4.82
_03515_,4.82
_03618_,4.82
_03701_,4.82
_04027_,4.82
_04144_,4.82
_05138_,4.82
_05314_,4.82
_06779_,4.82
_06791_,4.82
_07023_,4.82
net145,4.82
_06941_,4.805
_00036_,4.8
_00167_,4.8
_00706_,4.8
_00774_,4.8
_01012_,4.8
_01130_,4.8
_01172_,4.8
_01459_,4.8
_01464_,4.8
_01611_,4.8
_02025_,4.8
_02176_,4.8
_02181_,4.8
_02206_,4.8
_02393_,4.8
_02434_,4.8
_02926_,4.8
_02937_,4.8
_03173_,4.8
_03216_,4.8
_03370_,4.8
_03768_,4.8
_03848_,4.8
_03866_,4.8
_03922_,4.8
_03985_,4.8
_04057_,4.8
_04366_,4.8
_04853_,4.8
_04880_,4.8
_05179_,4.8
_05401_,4.8
_05427_,4.8
_05972_,4.8
_06222_,4.8
_06298_,4.8
_06407_,4.8
_06574_,4.8
_06942_,4.8
net139,4.8
_00246_,4.79
_06208_,4.79
_06387_,4.785
_06257_,4.78
_01176_,4.76
_01474_,4.76
_02419_,4.76
_03526_,4.76
_03636_,4.76
_03991_,4.76
_04225_,4.76
_04520_,4.76
_05235_,4.76
_05289_,4.76
_05324_,4.76
_05529_,4.76
_05998_,4.76
net148,4.76
net155,4.75
_01285_,4.74
_03380_,4.74
_01887_,4.7
_02295_,4.7
_03214_,4.7
_04494_,4.7
_04706_,4.7
_05895_,4.7
_06724_,4.7
_00016_,4.68
_00204_,4.68
_00209_,4.68
_00770_,4.68
_01195_,4.68
_01245_,4.68
_01602_,4.68
_01978_,4.68
_02080_,4.68
_02544_,4.68
_02867_,4.68
_02894_,4.68
_03072_,4.68
_03113_,4.68
_03299_,4.68
_03411_,4.68
_04089_,4.68
_04342_,4.68
_04404_,4.68
_04553_,4.68
_04930_,4.68
_06419_,4.68
_01982_,4.66
_04179_,4.66
_05241_,4.66
_06954_,4.66
_04393_,4.635
_02422_,4.61
_02822_,4.6
_04245_,4.6
_04969_,4.6
_06903_,4.6
_00234_,4.58
_01257_,4.58
_06314_,4.58
_06576_,4.58
_00966_,4.56
_01142_,4.56
_01580_,4.56
_01693_,4.56
_01816_,4.56
_01987_,4.56
_02083_,4.56
_02606_,4.56
_02921_,4.56
_02988_,4.56
_03893_,4.56
_04185_,4.56
_05470_,4.56
_06134_,4.56
_06196_,4.56
_06269_,4.56
_07024_,4.56
_03074_,4.555
_00338_,4.54
_02474_,4.54
_02595_,4.54
_04517_,4.54
_05672_,4.54
_05809_,4.54
_06667_,4.54
_06912_,4.54
net162,4.54
_04016_,4.52
_00793_,4.48
_01236_,4.48
_02036_,4.48
_02430_,4.48
_03974_,4.48
_04368_,4.48
_04582_,4.48
_05163_,4.48
_05343_,4.48
_05414_,4.48
_06159_,4.48
_06554_,4.48
_00008_,4.46
_00626_,4.46
_01110_,4.46
_01481_,4.46
_01533_,4.46
_02505_,4.46
_02658_,4.46
_02748_,4.46
_03003_,4.46
_03031_,4.46
_03713_,4.46
_03828_,4.46
_04047_,4.46
_04221_,4.46
_04314_,4.46
_04446_,4.46
_04456_,4.46
_04506_,4.46
_04802_,4.46
_05201_,4.46
_05323_,4.46
_05350_,4.46
_05389_,4.46
_05601_,4.46
_05723_,4.46
_05973_,4.46
_06190_,4.46
_06265_,4.46
_06692_,4.46
_06835_,4.46
_06861_,4.46
_06881_,4.46
_00852_,4.44
_01137_,4.44
_01929_,4.44
_02223_,4.44
_02333_,4.44
_02891_,4.44
_03098_,4.44
_03130_,4.44
_03285_,4.44
_04508_,4.44
_06258_,4.44
_03607_,4.435
_03809_,4.425
_00285_,4.42
_00630_,4.42
_00864_,4.42
_01326_,4.42
_01821_,4.42
_01856_,4.42
_01875_,4.42
_02027_,4.42
_02337_,4.42
_03593_,4.42
_03970_,4.42
_04240_,4.42
_04361_,4.42
_04430_,4.42
_04666_,4.42
_05172_,4.42
_05204_,4.42
_05257_,4.42
_05322_,4.42
_05339_,4.42
_05442_,4.42
_06313_,4.42
_06427_,4.42
_06539_,4.42
b[2],4.39
_01379_,4.36
_02584_,4.36
_03056_,4.36
_03327_,4.36
_03524_,4.36
_04672_,4.36
_05939_,4.36
_06470_,4.36
_07053_,4.36
net144,4.36
_00129_,4.34
_00662_,4.34
_00827_,4.34
_00840_,4.34
_01069_,4.34
_01287_,4.34
_02211_,4.34
_02238_,4.34
_02415_,4.34
_02661_,4.34
_02957_,4.34
_02967_,4.34
_03073_,4.34
_03253_,4.34
_03606_,4.34
_03633_,4.34
_03761_,4.34
_03902_,4.34
_04110_,4.34
_04348_,4.34
_04377_,4.34
_04394_,4.34
_04437_,4.34
_04543_,4.34
_04753_,4.34
_04894_,4.34
_04952_,4.34
_04959_,4.34
_05190_,4.34
_05319_,4.34
_05656_,4.34
_05719_,4.34
_06213_,4.34
_06360_,4.34
_06383_,4.34
_06463_,4.34
_06479_,4.34
_06484_,4.34
_06545_,4.34
_06946_,4.34
_07038_,4.34
_02843_,4.32
_03957_,4.32
_04205_,4.3
_06369_,4.28
_01727_,4.24
_01848_,4.24
_05209_,4.24
_05639_,4.24
_06216_,4.24
_06291_,4.24
_06782_,4.24
_06707_,4.235
_00584_,4.22
_00908_,4.22
_01129_,4.22
_02066_,4.22
_03624_,4.22
_03950_,4.22
_04483_,4.22
_04780_,4.22
_05074_,4.22
_05099_,4.22
_06133_,4.22
_06290_,4.22
_06379_,4.22
_06453_,4.22
_00861_,4.2
_02327_,4.2
_03796_,4.18
_01374_,4.16
_06336_,4.15
_00501_,4.14
_01471_,4.14
_01947_,4.14
_02096_,4.14
_03121_,4.14
_03457_,4.14
_04036_,4.14
_04281_,4.14
_04667_,4.14
_00276_,4.12
_05140_,4.12
_06056_,4.12
_06723_,4.12
_00087_,4.1
_00212_,4.1
_01408_,4.1
_01622_,4.1
_02141_,4.1
_02229_,4.1
_03317_,4.1
_03657_,4.1
_04096_,4.1
_04391_,4.1
_04474_,4.1
_04480_,4.1
_04634_,4.1
_05813_,4.1
_06205_,4.1
_06720_,4.1
_01349_,4.08
_03506_,4.08
_05485_,4.04
_01845_,4.03
_03162_,4.03
_00438_,4.02
_00835_,4.02
_01642_,4.02
_02458_,4.02
_02827_,4.02
_03002_,4.02
_03330_,4.02
_05221_,4.02
_06046_,4.02
_06207_,4.02
_06279_,4.02
_06357_,4.02
_01588_,4.01
_02507_,4.01
_00491_,4
_00567_,4
_00708_,4
_00732_,4
_00999_,4
_01016_,4
_01021_,4
_01291_,4
_01313_,4
_01555_,4
_01798_,4
_01943_,4
_02130_,4
_02165_,4
_02175_,4
_02254_,4
_02695_,4
_02850_,4
_03151_,4
_03577_,4
_03586_,4
_03659_,4
_03882_,4
_04636_,4
_04722_,4
_05177_,4
_05564_,4
_05802_,4
_05949_,4
_06089_,4
_06182_,4
_06261_,4
_06481_,4
_06600_,4
_06777_,4
_02548_,3.99
_00162_,3.98
_01376_,3.98
_02367_,3.98
_03183_,3.98
_03291_,3.98
_04549_,3.98
_04635_,3.98
_04897_,3.98
_06560_,3.98
_06754_,3.98
_06828_,3.98
_00035_,3.93
_00851_,3.9
_01460_,3.9
_02010_,3.9
_02739_,3.9
_03359_,3.9
_03451_,3.9
_05038_,3.9
_06603_,3.9
_06633_,3.9
_06740_,3.9
_00091_,3.88
_00199_,3.88
_00447_,3.88
_00517_,3.88
_00687_,3.88
_00951_,3.88
_00960_,3.88
_01041_,3.88
_01190_,3.88
_01606_,3.88
_01736_,3.88
_01930_,3.88
_02194_,3.88
_02257_,3.88
_02757_,3.88
_02764_,3.88
_02782_,3.88
_03024_,3.88
_03259_,3.88
_03329_,3.88
_03582_,3.88
_03600_,3.88
_03665_,3.88
_03703_,3.88
_04239_,3.88
_04266_,3.88
_04414_,3.88
_04689_,3.88
_05329_,3.88
_05364_,3.88
_05633_,3.88
_05761_,3.88
_05859_,3.88
_05905_,3.88
_05945_,3.88
_06150_,3.88
_06189_,3.88
_06414_,3.88
_06434_,3.88
_06446_,3.88
_06659_,3.88
_06696_,3.88
_07019_,3.88
_07074_,3.88
net146,3.88
net166,3.88
_02050_,3.86
_04942_,3.86
_06947_,3.86
_03908_,3.84
_03937_,3.84
_00682_,3.78
_01920_,3.78
_02524_,3.77
_00229_,3.76
_00865_,3.76
_02431_,3.76
_02549_,3.76
_02963_,3.76
_03019_,3.76
_03293_,3.76
_04112_,3.76
_04541_,3.76
_04825_,3.76
_05684_,3.76
_06403_,3.76
_06812_,3.76
_00972_,3.74
_05440_,3.74
_06580_,3.69
_00334_,3.68
_00472_,3.68
_01296_,3.68
_01739_,3.68
_03094_,3.68
_03594_,3.68
_04660_,3.68
_04855_,3.68
_05518_,3.68
_05740_,3.68
_04958_,3.675
_00017_,3.66
_00104_,3.66
_00218_,3.66
_01043_,3.66
_03557_,3.66
net142,3.66
net143,3.66
_03311_,3.64
_04449_,3.64
_05502_,3.64
_06278_,3.64
_05299_,3.635
_00693_,3.6
_00407_,3.56
_02136_,3.56
_02316_,3.56
_02981_,3.56
_03096_,3.56
_03846_,3.56
_04273_,3.56
_04320_,3.56
_04405_,3.56
_05071_,3.56
_05458_,3.56
_05836_,3.56
_06112_,3.56
_06639_,3.56
_06922_,3.56
_00200_,3.54
_00225_,3.54
_00277_,3.54
_00289_,3.54
_00345_,3.54
_00632_,3.54
_01001_,3.54
_01111_,3.54
_01598_,3.54
_01710_,3.54
_01763_,3.54
_01901_,3.54
_02106_,3.54
_02370_,3.54
_02645_,3.54
_02820_,3.54
_03159_,3.54
_03403_,3.54
_03425_,3.54
_03435_,3.54
_03446_,3.54
_03473_,3.54
_03512_,3.54
_03743_,3.54
_03782_,3.54
_03998_,3.54
_04168_,3.54
_04347_,3.54
_04663_,3.54
_04743_,3.54
_04916_,3.54
_05066_,3.54
_05281_,3.54
_05520_,3.54
_05581_,3.54
_05697_,3.54
_05702_,3.54
_05823_,3.54
_05837_,3.54
_05879_,3.54
_06026_,3.54
_06368_,3.54
_06546_,3.54
_06792_,3.54
net130,3.54
_04250_,3.525
_00227_,3.52
_00503_,3.52
_00975_,3.52
_02929_,3.48
_01888_,3.47
_00649_,3.44
_01603_,3.44
_03155_,3.44
_05410_,3.44
_05856_,3.44
_06452_,3.44
_00106_,3.42
_00349_,3.42
_00467_,3.42
_00811_,3.42
_00895_,3.42
_00965_,3.42
_01596_,3.42
_01776_,3.42
_01896_,3.42
_01905_,3.42
_02076_,3.42
_02481_,3.42
_02565_,3.42
_02650_,3.42
_02776_,3.42
_02840_,3.42
_02956_,3.42
_03177_,3.42
_03519_,3.42
_03555_,3.42
_03564_,3.42
_03567_,3.42
_03641_,3.42
_03959_,3.42
_04090_,3.42
_04135_,3.42
_04162_,3.42
_04291_,3.42
_04395_,3.42
_04544_,3.42
_04848_,3.42
_04856_,3.42
_04901_,3.42
_04911_,3.42
_04931_,3.42
_05045_,3.42
_05069_,3.42
_05162_,3.42
_05271_,3.42
_05473_,3.42
_05755_,3.42
_05931_,3.42
_06027_,3.42
_06217_,3.42
_06412_,3.42
_06415_,3.42
_06458_,3.42
_06497_,3.42
_06655_,3.42
_06727_,3.42
_06793_,3.42
_06868_,3.42
_06910_,3.42
_06933_,3.42
net141,3.42
_01461_,3.4
_01333_,3.32
_03431_,3.32
_06297_,3.32
_01216_,3.3
_01870_,3.3
_02204_,3.3
_02637_,3.3
_03418_,3.3
_04758_,3.3
_04775_,3.3
_04795_,3.3
_04822_,3.3
_04709_,3.295
_04095_,3.24
_06702_,3.24
_06179_,3.235
_01662_,3.22
_02219_,3.22
_03542_,3.22
_03995_,3.22
_04010_,3.22
_04560_,3.22
_04863_,3.22
_04949_,3.22
_05446_,3.22
_05576_,3.22
_06650_,3.22
_06955_,3.22
_00529_,3.2
_02405_,3.2
_02638_,3.2
_06563_,3.2
_00228_,3.18
_00644_,3.18
_01050_,3.18
_02261_,3.18
_03371_,3.18
_04648_,3.18
_05645_,3.18
_03144_,3.17
_03561_,3.16
_00215_,3.1
_00419_,3.1
_00488_,3.1
_00552_,3.1
_00912_,3.1
_01253_,3.1
_01347_,3.1
_01988_,3.1
_02729_,3.1
_02918_,3.1
_03274_,3.1
_03989_,3.1
_05168_,3.1
_05629_,3.1
_06811_,3.1
_06842_,3.1
_02307_,3.095
_00001_,3.08
_00131_,3.08
_00735_,3.08
_00970_,3.08
_01290_,3.08
_01811_,3.08
_01913_,3.08
_02032_,3.08
_02131_,3.08
_02196_,3.08
_02226_,3.08
_02944_,3.08
_03229_,3.08
_03654_,3.08
_03688_,3.08
_03760_,3.08
_03766_,3.08
_03945_,3.08
_04007_,3.08
_04068_,3.08
_04123_,3.08
_04284_,3.08
_04300_,3.08
_04372_,3.08
_04425_,3.08
_04489_,3.08
_04533_,3.08
_04712_,3.08
_04760_,3.08
_04776_,3.08
_04899_,3.08
_05122_,3.08
_05223_,3.08
_05256_,3.08
_05267_,3.08
_05338_,3.08
_05385_,3.08
_05521_,3.08
_05571_,3.08
_05752_,3.08
_05759_,3.08
_05770_,3.08
_05782_,3.08
_05910_,3.08
_06187_,3.08
_06312_,3.08
_06437_,3.08
_06520_,3.08
_06839_,3.08
_06915_,3.08
_06918_,3.08
_07014_,3.08
_07043_,3.08
_00370_,3.06
_00620_,3.06
_02325_,3.06
_00534_,2.98
_00922_,2.98
_01271_,2.98
_02286_,2.98
_02347_,2.98
_03318_,2.98
_03858_,2.98
_04498_,2.98
_04509_,2.98
_05046_,2.98
_05666_,2.98
_06095_,2.98
net154,2.98
_00033_,2.96
_00141_,2.96
_00329_,2.96
_00353_,2.96
_00665_,2.96
_00728_,2.96
_00903_,2.96
_00939_,2.96
_00995_,2.96
_01003_,2.96
_01100_,2.96
_01203_,2.96
_01264_,2.96
_01805_,2.96
_01852_,2.96
_02013_,2.96
_02464_,2.96
_02555_,2.96
_02875_,2.96
_02976_,2.96
_03170_,2.96
_03336_,2.96
_03405_,2.96
_03517_,2.96
_03825_,2.96
_04224_,2.96
_04327_,2.96
_04335_,2.96
_04434_,2.96
_04594_,2.96
_04726_,2.96
_04948_,2.96
_05120_,2.96
_05147_,2.96
_05498_,2.96
_05535_,2.96
_05726_,2.96
_05832_,2.96
_05919_,2.96
_06125_,2.96
_06155_,2.96
_06266_,2.96
_06590_,2.96
_06597_,2.96
_06660_,2.96
_06711_,2.96
_06871_,2.96
_06299_,2.95
_05365_,2.885
_01421_,2.86
_03107_,2.86
_05011_,2.86
_00063_,2.84
_02285_,2.84
_02686_,2.84
_02823_,2.84
_06351_,2.84
_01340_,2.82
_00888_,2.76
_02690_,2.76
_03175_,2.76
_03926_,2.76
_04237_,2.76
_04540_,2.76
_04592_,2.76
_04800_,2.76
_05449_,2.76
_05550_,2.76
_00677_,2.74
_00679_,2.74
_02164_,2.74
_03185_,2.74
_05244_,2.74
_05625_,2.74
_05853_,2.74
_05869_,2.74
_06737_,2.74
_01807_,2.72
_02191_,2.72
_02364_,2.72
_02410_,2.72
_02919_,2.72
_03397_,2.72
_03485_,2.72
_05661_,2.72
_05681_,2.72
_05799_,2.72
_06087_,2.72
_06131_,2.72
_06928_,2.72
net167,2.72
_03910_,2.655
_01577_,2.64
_01999_,2.64
_02009_,2.64
_02094_,2.64
_02551_,2.64
_02603_,2.64
_02767_,2.64
_03489_,2.64
_04424_,2.64
_05580_,2.64
_05642_,2.64
_06233_,2.64
_00222_,2.62
_00232_,2.62
_00267_,2.62
_00597_,2.62
_00700_,2.62
_00717_,2.62
_00828_,2.62
_00921_,2.62
_00986_,2.62
_01019_,2.62
_01616_,2.62
_01690_,2.62
_01691_,2.62
_01900_,2.62
_01911_,2.62
_01979_,2.62
_02203_,2.62
_02290_,2.62
_02379_,2.62
_02435_,2.62
_02628_,2.62
_02747_,2.62
_02784_,2.62
_02879_,2.62
_02966_,2.62
_02977_,2.62
_03084_,2.62
_03150_,2.62
_03188_,2.62
_03284_,2.62
_03719_,2.62
_03841_,2.62
_03972_,2.62
_04099_,2.62
_04189_,2.62
_04343_,2.62
_04843_,2.62
_04874_,2.62
_05125_,2.62
_05526_,2.62
_05824_,2.62
_06058_,2.62
_06555_,2.62
_06584_,2.62
_06594_,2.62
_06652_,2.62
_06671_,2.62
_06719_,2.62
_06784_,2.62
_06789_,2.62
_06958_,2.62
_03117_,2.6
_05214_,2.6
_01139_,2.53
_01015_,2.52
_01513_,2.52
_02109_,2.52
_02209_,2.52
_02213_,2.52
_02321_,2.52
_03000_,2.52
_03043_,2.52
_03126_,2.52
_03352_,2.52
_04289_,2.52
_04463_,2.52
_06467_,2.52
_00044_,2.5
_00093_,2.5
_00271_,2.5
_00317_,2.5
_00660_,2.5
_00798_,2.5
_00904_,2.5
_01116_,2.5
_01244_,2.5
_01268_,2.5
_01338_,2.5
_01389_,2.5
_01499_,2.5
_01581_,2.5
_01593_,2.5
_01675_,2.5
_01860_,2.5
_01882_,2.5
_01974_,2.5
_01975_,2.5
_02084_,2.5
_02443_,2.5
_02610_,2.5
_02666_,2.5
_02681_,2.5
_02688_,2.5
_02786_,2.5
_02794_,2.5
_03227_,2.5
_03704_,2.5
_03714_,2.5
_03833_,2.5
_03852_,2.5
_03873_,2.5
_03881_,2.5
_03905_,2.5
_03918_,2.5
_04030_,2.5
_04058_,2.5
_04108_,2.5
_04115_,2.5
_04157_,2.5
_04215_,2.5
_04217_,2.5
_04226_,2.5
_04270_,2.5
_04363_,2.5
_04440_,2.5
_04512_,2.5
_04754_,2.5
_04914_,2.5
_04997_,2.5
_05008_,2.5
_05149_,2.5
_05160_,2.5
_05194_,2.5
_05294_,2.5
_05344_,2.5
_05435_,2.5
_05558_,2.5
_05640_,2.5
_05695_,2.5
_05877_,2.5
_06069_,2.5
_06114_,2.5
_06117_,2.5
_06192_,2.5
_06274_,2.5
_06321_,2.5
_06601_,2.5
_06640_,2.5
_06709_,2.5
_06734_,2.5
_06962_,2.5
_07011_,2.5
_07054_,2.5
_00820_,2.48
_01173_,2.45
_04992_,2.43
net160,2.43
_06141_,2.41
_05749_,2.4
_00122_,2.38
_01362_,2.38
_02602_,2.38
_02696_,2.38
_03310_,2.38
_03479_,2.38
_03786_,2.38
_03876_,2.38
_04696_,2.38
_05599_,2.38
_05996_,2.38
_06294_,2.38
_00085_,2.3
_00146_,2.3
_00272_,2.3
_00771_,2.3
_00785_,2.3
_00795_,2.3
_00996_,2.3
_01519_,2.3
_01550_,2.3
_01653_,2.3
_01768_,2.3
_02017_,2.3
_02651_,2.3
_02670_,2.3
_02871_,2.3
_03087_,2.3
_03180_,2.3
_03281_,2.3
_03705_,2.3
_03745_,2.3
_04146_,2.3
_04814_,2.3
_04963_,2.3
_05075_,2.3
_05727_,2.3
_05845_,2.3
_05982_,2.3
_06000_,2.3
_06154_,2.3
_06390_,2.3
_06837_,2.3
_07025_,2.3
net188,2.3
_00029_,2.28
_00760_,2.28
_01006_,2.28
_01819_,2.28
_02404_,2.28
_02791_,2.28
_05274_,2.28
_02348_,2.27
_01314_,2.255
_05552_,2.255
_03804_,2.25
_00485_,2.18
_00499_,2.18
_00733_,2.18
_01384_,2.18
_01694_,2.18
_01840_,2.18
_01907_,2.18
_01941_,2.18
_02708_,2.18
_03603_,2.18
_03645_,2.18
_04178_,2.18
_04331_,2.18
_05019_,2.18
_05087_,2.18
_05213_,2.18
_06480_,2.18
_06930_,2.18
_00051_,2.16
_00109_,2.16
_00337_,2.16
_00341_,2.16
_00432_,2.16
_00546_,2.16
_00668_,2.16
_00697_,2.16
_00762_,2.16
_00800_,2.16
_00875_,2.16
_00879_,2.16
_00980_,2.16
_01157_,2.16
_01191_,2.16
_01304_,2.16
_01496_,2.16
_01645_,2.16
_01679_,2.16
_01704_,2.16
_01931_,2.16
_02057_,2.16
_02122_,2.16
_02125_,2.16
_02343_,2.16
_02461_,2.16
_02559_,2.16
_02678_,2.16
_02800_,2.16
_02904_,2.16
_03579_,2.16
_03620_,2.16
_03999_,2.16
_04120_,2.16
_04129_,2.16
_04457_,2.16
_04542_,2.16
_04713_,2.16
_04799_,2.16
_04882_,2.16
_04920_,2.16
_04933_,2.16
_05107_,2.16
_05127_,2.16
_05276_,2.16
_05377_,2.16
_05432_,2.16
_05452_,2.16
_05503_,2.16
_05531_,2.16
_05622_,2.16
_05721_,2.16
_05780_,2.16
_05838_,2.16
_05888_,2.16
_05893_,2.16
_06003_,2.16
_06006_,2.16
_06440_,2.16
_06557_,2.16
_06606_,2.16
_06681_,2.16
_06706_,2.16
_06738_,2.16
_06798_,2.16
_06978_,2.16
_06988_,2.16
net152,2.16
net170,2.16
_00074_,2.11
_00303_,2.06
_01341_,2.06
_01392_,2.06
_01618_,2.06
_02712_,2.06
_02951_,2.06
_03179_,2.06
_03892_,2.06
_05095_,2.06
_05355_,2.06
_05358_,2.06
_06045_,2.06
_06241_,2.06
_06796_,2.06
_00037_,2.04
_00070_,2.04
_00080_,2.04
_00096_,2.04
_00211_,2.04
_00521_,2.04
_00535_,2.04
_00883_,2.04
_00930_,2.04
_00962_,2.04
_01467_,2.04
_01547_,2.04
_01697_,2.04
_01702_,2.04
_01722_,2.04
_01877_,2.04
_01925_,2.04
_01997_,2.04
_02002_,2.04
_02043_,2.04
_02137_,2.04
_02287_,2.04
_02358_,2.04
_02368_,2.04
_02468_,2.04
_02518_,2.04
_02799_,2.04
_02870_,2.04
_03090_,2.04
_03132_,2.04
_03280_,2.04
_03322_,2.04
_03553_,2.04
_03632_,2.04
_03666_,2.04
_03670_,2.04
_04255_,2.04
_04338_,2.04
_04375_,2.04
_04417_,2.04
_04426_,2.04
_04590_,2.04
_04618_,2.04
_04682_,2.04
_04762_,2.04
_04849_,2.04
_04857_,2.04
_05015_,2.04
_05067_,2.04
_05116_,2.04
_05488_,2.04
_05499_,2.04
_05714_,2.04
_05769_,2.04
_05908_,2.04
_06023_,2.04
_06038_,2.04
_06218_,2.04
_06227_,2.04
_06248_,2.04
_06282_,2.04
_06288_,2.04
_06515_,2.04
_06536_,2.04
_06564_,2.04
_06678_,2.04
_06806_,2.04
_06886_,2.04
_06891_,2.04
_07031_,2.04
_07035_,2.04
_07078_,2.04
_02281_,1.94
_00845_,1.92
_04220_,1.915
_00831_,1.855
_00854_,1.84
_01077_,1.84
_01480_,1.84
_01823_,1.84
_01940_,1.84
_02277_,1.84
_02380_,1.84
_03027_,1.84
_03030_,1.84
_03047_,1.84
_03206_,1.84
_03573_,1.84
_04105_,1.84
_04501_,1.84
_04700_,1.84
_04764_,1.84
_05151_,1.84
_05664_,1.84
_05675_,1.84
_05754_,1.84
_06426_,1.84
_00099_,1.82
_00278_,1.82
_01407_,1.82
_01553_,1.82
_02632_,1.82
_03860_,1.82
_04547_,1.82
_05785_,1.82
_05863_,1.82
_06443_,1.82
_00207_,1.72
_00332_,1.72
_00525_,1.72
_00633_,1.72
_00689_,1.72
_00836_,1.72
_00982_,1.72
_01096_,1.72
_01277_,1.72
_01430_,1.72
_01650_,1.72
_01866_,1.72
_02070_,1.72
_02264_,1.72
_02416_,1.72
_02511_,1.72
_02613_,1.72
_02819_,1.72
_02922_,1.72
_02996_,1.72
_03210_,1.72
_03217_,1.72
_03437_,1.72
_03476_,1.72
_03491_,1.72
_03507_,1.72
_03522_,1.72
_03734_,1.72
_03948_,1.72
_04352_,1.72
_04731_,1.72
_04985_,1.72
_05287_,1.72
_05398_,1.72
_05886_,1.72
_06022_,1.72
_06593_,1.72
_06664_,1.72
_06764_,1.72
_07002_,1.72
_00193_,1.7
_00197_,1.7
_00369_,1.7
_00440_,1.7
_00580_,1.7
_00862_,1.7
_00868_,1.7
_00873_,1.7
_00961_,1.7
_01075_,1.7
_01158_,1.7
_01218_,1.7
_01358_,1.7
_01426_,1.7
_02023_,1.7
_02107_,1.7
_02126_,1.7
_02497_,1.7
_02523_,1.7
_02563_,1.7
_02617_,1.7
_02718_,1.7
_02934_,1.7
_03200_,1.7
_03236_,1.7
_03247_,1.7
_03474_,1.7
_03497_,1.7
_03677_,1.7
_03890_,1.7
_04127_,1.7
_04140_,1.7
_04248_,1.7
_04304_,1.7
_04323_,1.7
_04381_,1.7
_04420_,1.7
_04597_,1.7
_04741_,1.7
_04789_,1.7
_04912_,1.7
_04960_,1.7
_05280_,1.7
_05587_,1.7
_05686_,1.7
_05729_,1.7
_05796_,1.7
_05896_,1.7
_05932_,1.7
_05966_,1.7
_05981_,1.7
_06306_,1.7
_06324_,1.7
_06575_,1.7
_06786_,1.7
_06803_,1.7
_07056_,1.7
net169,1.7
_00160_,1.68
_03674_,1.68
_01226_,1.65
_06631_,1.62
_00749_,1.6
_02373_,1.6
_03709_,1.6
_05766_,1.6
_06495_,1.6
net87,1.6
_03953_,1.575
_02898_,1.56
_02300_,1.49
_02590_,1.48
_04808_,1.48
_00973_,1.46
_01416_,1.46
_02428_,1.46
_02744_,1.46
_02907_,1.46
_02946_,1.46
_03146_,1.46
_04835_,1.46
_00275_,1.38
_00561_,1.38
_00867_,1.38
_00948_,1.38
_01091_,1.38
_01104_,1.38
_01658_,1.38
_01747_,1.38
_02030_,1.38
_02514_,1.38
_02527_,1.38
_02530_,1.38
_02568_,1.38
_02571_,1.38
_02846_,1.38
_02877_,1.38
_02905_,1.38
_03005_,1.38
_03007_,1.38
_03057_,1.38
_03069_,1.38
_03513_,1.38
_03568_,1.38
_03605_,1.38
_03639_,1.38
_03647_,1.38
_03653_,1.38
_03656_,1.38
_04680_,1.38
_04995_,1.38
_05143_,1.38
_05207_,1.38
_05250_,1.38
_05306_,1.38
_05402_,1.38
_05404_,1.38
_06029_,1.38
_06052_,1.38
_06072_,1.38
_06570_,1.38
_06595_,1.38
_06745_,1.38
_06860_,1.38
_06972_,1.38
_01570_,1.36
_02452_,1.36
_02477_,1.36
_04376_,1.36
_00192_,1.26
_01527_,1.26
_01861_,1.26
_01922_,1.26
_02100_,1.26
_02408_,1.26
_02702_,1.26
_03340_,1.26
_03652_,1.26
_03965_,1.26
_04745_,1.26
_04922_,1.26
_05131_,1.26
_05228_,1.26
_05284_,1.26
_05716_,1.26
_06344_,1.26
_06395_,1.26
_06695_,1.26
_06751_,1.26
_06805_,1.26
net65,1.26
_01451_,1.25
_01509_,1.25
_02351_,1.25
_03343_,1.25
_03798_,1.25
_04657_,1.25
_00195_,1.14
_01281_,1.14
_02267_,1.14
_02362_,1.14
_02386_,1.14
_02585_,1.14
_02755_,1.14
_02811_,1.14
_03599_,1.14
_04459_,1.14
_04845_,1.14
_05880_,1.14
_05925_,1.14
_06551_,1.14
_05109_,1.1
_06302_,1.1
_00810_,1.02
_00890_,1.02
_02053_,1.02
_00177_,0.92
_00235_,0.92
_00326_,0.92
_01024_,0.92
_01685_,0.92
_01687_,0.92
_01695_,0.92
_01795_,0.92
_02110_,0.92
_02207_,0.92
_02449_,0.92
_02594_,0.92
_02925_,0.92
_03190_,0.92
_03222_,0.92
_03238_,0.92
_03243_,0.92
_03387_,0.92
_03822_,0.92
_03993_,0.92
_04079_,0.92
_04472_,0.92
_04556_,0.92
_04586_,0.92
_04927_,0.92
_05007_,0.92
_05508_,0.92
_05517_,0.92
_05624_,0.92
_05828_,0.92
_06171_,0.92
_06534_,0.92
_06634_,0.92
_07081_,0.92
_00805_,0.8
_02780_,0.8
_03143_,0.8
_05746_,0.8
_06747_,0.8
_00027_,0.46
_00054_,0.46
_00065_,0.46
_00149_,0.46
_00321_,0.46
_00585_,0.46
_00638_,0.46
_00911_,0.46
_00955_,0.46
_01082_,0.46
_01222_,0.46
_01762_,0.46
_01772_,0.46
_01789_,0.46
_01897_,0.46
_02535_,0.46
_02575_,0.46
_02817_,0.46
_02936_,0.46
_02992_,0.46
_03012_,0.46
_03036_,0.46
_03407_,0.46
_03442_,0.46
_03494_,0.46
_03854_,0.46
_04005_,0.46
_04325_,0.46
_04720_,0.46
_04888_,0.46
_05135_,0.46
_05231_,0.46
_05263_,0.46
_05650_,0.46
_05950_,0.46
_06041_,0.46
_06100_,0.46
_06174_,0.46
_06239_,0.46
_06522_,0.46
_06528_,0.46
_06566_,0.46
_06950_,0.46
_07070_,0.46
